file,line,type,commit,author,date,time,timezone,datetime,depth,length
style.css,1,css,025683bf,Nitin,2025-10-10,15:36:27,-07:00,2025-10-10T15:36:27-07:00,0,5
style.css,2,css,025683bf,Nitin,2025-10-10,15:36:27,-07:00,2025-10-10T15:36:27-07:00,1,31
style.css,3,css,025683bf,Nitin,2025-10-10,15:36:27,-07:00,2025-10-10T15:36:27-07:00,0,0
style.css,4,css,025683bf,Nitin,2025-10-10,15:36:27,-07:00,2025-10-10T15:36:27-07:00,0,0
style.css,5,css,025683bf,Nitin,2025-10-10,15:36:27,-07:00,2025-10-10T15:36:27-07:00,0,41
style.css,6,css,c2a8fa4e,Nitin,2025-10-03,22:07:00,-07:00,2025-10-03T22:07:00-07:00,0,4
style.css,7,css,2567b5da,Nitin,2025-10-10,15:05:28,-07:00,2025-10-10T15:05:28-07:00,1,23
style.css,8,css,2567b5da,Nitin,2025-10-10,15:05:28,-07:00,2025-10-10T15:05:28-07:00,1,15
style.css,9,css,2567b5da,Nitin,2025-10-10,15:05:28,-07:00,2025-10-10T15:05:28-07:00,1,18
style.css,10,css,2567b5da,Nitin,2025-10-10,15:05:28,-07:00,2025-10-10T15:05:28-07:00,1,19
style.css,11,css,025683bf,Nitin,2025-10-10,15:36:27,-07:00,2025-10-10T15:36:27-07:00,0,0
style.css,12,css,025683bf,Nitin,2025-10-10,15:36:27,-07:00,2025-10-10T15:36:27-07:00,0,0
style.css,13,css,025683bf,Nitin,2025-10-10,15:36:27,-07:00,2025-10-10T15:36:27-07:00,0,5
style.css,14,css,025683bf,Nitin,2025-10-10,15:36:27,-07:00,2025-10-10T15:36:27-07:00,0,6
style.css,15,css,025683bf,Nitin,2025-10-10,15:36:27,-07:00,2025-10-10T15:36:27-07:00,1,16
style.css,16,css,025683bf,Nitin,2025-10-10,15:36:27,-07:00,2025-10-10T15:36:27-07:00,1,15
style.css,17,css,025683bf,Nitin,2025-10-10,15:36:27,-07:00,2025-10-10T15:36:27-07:00,1,8
style.css,18,css,025683bf,Nitin,2025-10-10,15:36:27,-07:00,2025-10-10T15:36:27-07:00,1,9
style.css,19,css,025683bf,Nitin,2025-10-10,15:36:27,-07:00,2025-10-10T15:36:27-07:00,0,0
style.css,20,css,025683bf,Nitin,2025-10-10,15:36:27,-07:00,2025-10-10T15:36:27-07:00,0,0
style.css,21,css,025683bf,Nitin,2025-10-10,15:36:27,-07:00,2025-10-10T15:36:27-07:00,0,0
style.css,22,css,025683bf,Nitin,2025-10-10,15:36:27,-07:00,2025-10-10T15:36:27-07:00,0,3
style.css,23,css,025683bf,Nitin,2025-10-10,15:36:27,-07:00,2025-10-10T15:36:27-07:00,1,12
style.css,24,css,025683bf,Nitin,2025-10-10,15:36:27,-07:00,2025-10-10T15:36:27-07:00,1,5
style.css,25,css,025683bf,Nitin,2025-10-10,15:36:27,-07:00,2025-10-10T15:36:27-07:00,1,18
style.css,26,css,025683bf,Nitin,2025-10-10,15:36:27,-07:00,2025-10-10T15:36:27-07:00,1,43
style.css,27,css,025683bf,Nitin,2025-10-10,15:36:27,-07:00,2025-10-10T15:36:27-07:00,0,0
style.css,28,css,025683bf,Nitin,2025-10-10,15:36:27,-07:00,2025-10-10T15:36:27-07:00,0,0
style.css,29,css,025683bf,Nitin,2025-10-10,15:36:27,-07:00,2025-10-10T15:36:27-07:00,0,7
style.css,30,css,025683bf,Nitin,2025-10-10,15:36:27,-07:00,2025-10-10T15:36:27-07:00,1,6
style.css,31,css,025683bf,Nitin,2025-10-10,15:36:27,-07:00,2025-10-10T15:36:27-07:00,1,17
style.css,32,css,025683bf,Nitin,2025-10-10,15:36:27,-07:00,2025-10-10T15:36:27-07:00,1,20
style.css,33,css,025683bf,Nitin,2025-10-10,15:36:27,-07:00,2025-10-10T15:36:27-07:00,1,13
style.css,34,css,025683bf,Nitin,2025-10-10,15:36:27,-07:00,2025-10-10T15:36:27-07:00,1,13
style.css,35,css,025683bf,Nitin,2025-10-10,15:36:27,-07:00,2025-10-10T15:36:27-07:00,1,33
style.css,36,css,025683bf,Nitin,2025-10-10,15:36:27,-07:00,2025-10-10T15:36:27-07:00,0,0
style.css,37,css,025683bf,Nitin,2025-10-10,15:36:27,-07:00,2025-10-10T15:36:27-07:00,0,0
style.css,38,css,025683bf,Nitin,2025-10-10,15:36:27,-07:00,2025-10-10T15:36:27-07:00,0,0
style.css,39,css,025683bf,Nitin,2025-10-10,15:36:27,-07:00,2025-10-10T15:36:27-07:00,0,15
style.css,40,css,025683bf,Nitin,2025-10-10,15:36:27,-07:00,2025-10-10T15:36:27-07:00,1,45
style.css,41,css,025683bf,Nitin,2025-10-10,15:36:27,-07:00,2025-10-10T15:36:27-07:00,1,34
style.css,42,css,025683bf,Nitin,2025-10-10,15:36:27,-07:00,2025-10-10T15:36:27-07:00,0,0
style.css,43,css,025683bf,Nitin,2025-10-10,15:36:27,-07:00,2025-10-10T15:36:27-07:00,0,0
style.css,44,css,025683bf,Nitin,2025-10-10,15:36:27,-07:00,2025-10-10T15:36:27-07:00,0,0
style.css,45,css,025683bf,Nitin,2025-10-10,15:36:27,-07:00,2025-10-10T15:36:27-07:00,0,12
style.css,46,css,025683bf,Nitin,2025-10-10,15:36:27,-07:00,2025-10-10T15:36:27-07:00,0,21
style.css,47,css,025683bf,Nitin,2025-10-10,15:36:27,-07:00,2025-10-10T15:36:27-07:00,1,45
style.css,48,css,025683bf,Nitin,2025-10-10,15:36:27,-07:00,2025-10-10T15:36:27-07:00,1,34
style.css,49,css,025683bf,Nitin,2025-10-10,15:36:27,-07:00,2025-10-10T15:36:27-07:00,1,12
style.css,50,css,025683bf,Nitin,2025-10-10,15:36:27,-07:00,2025-10-10T15:36:27-07:00,0,0
style.css,51,css,025683bf,Nitin,2025-10-10,15:36:27,-07:00,2025-10-10T15:36:27-07:00,0,0
style.css,52,css,025683bf,Nitin,2025-10-10,15:36:27,-07:00,2025-10-10T15:36:27-07:00,0,21
style.css,53,css,025683bf,Nitin,2025-10-10,15:36:27,-07:00,2025-10-10T15:36:27-07:00,1,72
style.css,54,css,025683bf,Nitin,2025-10-10,15:36:27,-07:00,2025-10-10T15:36:27-07:00,1,21
style.css,55,css,a3331f64,Nitin,2025-10-10,16:10:53,-07:00,2025-10-10T16:10:53-07:00,0,0
style.css,56,css,a3331f64,Nitin,2025-10-10,16:10:53,-07:00,2025-10-10T16:10:53-07:00,0,0
style.css,57,css,a3331f64,Nitin,2025-10-10,16:10:53,-07:00,2025-10-10T16:10:53-07:00,0,4
style.css,58,css,a3331f64,Nitin,2025-10-10,16:10:53,-07:00,2025-10-10T16:10:53-07:00,1,12
style.css,59,css,d1d600c1,Nitin,2025-10-10,17:10:29,-07:00,2025-10-10T17:10:29-07:00,1,30
style.css,60,css,d1d600c1,Nitin,2025-10-10,17:10:29,-07:00,2025-10-10T17:10:29-07:00,1,18
style.css,61,css,d1d600c1,Nitin,2025-10-10,17:10:29,-07:00,2025-10-10T17:10:29-07:00,1,17
style.css,62,css,d1d600c1,Nitin,2025-10-10,17:10:29,-07:00,2025-10-10T17:10:29-07:00,1,15
style.css,63,css,d1d600c1,Nitin,2025-10-10,17:10:29,-07:00,2025-10-10T17:10:29-07:00,1,18
style.css,64,css,a3331f64,Nitin,2025-10-10,16:10:53,-07:00,2025-10-10T16:10:53-07:00,0,0
style.css,65,css,a3331f64,Nitin,2025-10-10,16:10:53,-07:00,2025-10-10T16:10:53-07:00,0,0
style.css,66,css,a3331f64,Nitin,2025-10-10,16:10:53,-07:00,2025-10-10T16:10:53-07:00,0,12
style.css,67,css,a3331f64,Nitin,2025-10-10,16:10:53,-07:00,2025-10-10T16:10:53-07:00,1,18
style.css,68,css,a3331f64,Nitin,2025-10-10,16:10:53,-07:00,2025-10-10T16:10:53-07:00,1,12
style.css,69,css,a3331f64,Nitin,2025-10-10,16:10:53,-07:00,2025-10-10T16:10:53-07:00,1,29
style.css,70,css,a3331f64,Nitin,2025-10-10,16:10:53,-07:00,2025-10-10T16:10:53-07:00,1,14
style.css,71,css,a3331f64,Nitin,2025-10-10,16:10:53,-07:00,2025-10-10T16:10:53-07:00,0,0
style.css,72,css,a3331f64,Nitin,2025-10-10,16:10:53,-07:00,2025-10-10T16:10:53-07:00,0,0
style.css,73,css,a3331f64,Nitin,2025-10-10,16:10:53,-07:00,2025-10-10T16:10:53-07:00,0,0
style.css,74,css,a3331f64,Nitin,2025-10-10,16:10:53,-07:00,2025-10-10T16:10:53-07:00,0,19
style.css,75,css,a3331f64,Nitin,2025-10-10,16:10:53,-07:00,2025-10-10T16:10:53-07:00,0,23
style.css,76,css,a3331f64,Nitin,2025-10-10,16:10:53,-07:00,2025-10-10T16:10:53-07:00,1,10
style.css,77,css,a3331f64,Nitin,2025-10-10,16:10:53,-07:00,2025-10-10T16:10:53-07:00,1,21
style.css,78,css,fcef1d9a,Nitin,2025-10-10,16:54:26,-07:00,2025-10-10T16:54:26-07:00,1,12
style.css,79,css,d1d600c1,Nitin,2025-10-10,17:10:29,-07:00,2025-10-10T17:10:29-07:00,1,22
style.css,80,css,fcef1d9a,Nitin,2025-10-10,16:54:26,-07:00,2025-10-10T16:54:26-07:00,1,21
style.css,81,css,fcef1d9a,Nitin,2025-10-10,16:54:26,-07:00,2025-10-10T16:54:26-07:00,1,17
style.css,82,css,d1d600c1,Nitin,2025-10-10,17:10:29,-07:00,2025-10-10T17:10:29-07:00,1,8
style.css,83,css,a3331f64,Nitin,2025-10-10,16:10:53,-07:00,2025-10-10T16:10:53-07:00,0,0
style.css,84,css,a3331f64,Nitin,2025-10-10,16:10:53,-07:00,2025-10-10T16:10:53-07:00,0,0
style.css,85,css,d1d600c1,Nitin,2025-10-10,17:10:29,-07:00,2025-10-10T17:10:29-07:00,0,13
style.css,86,css,d1d600c1,Nitin,2025-10-10,17:10:29,-07:00,2025-10-10T17:10:29-07:00,1,15
style.css,87,css,d1d600c1,Nitin,2025-10-10,17:10:29,-07:00,2025-10-10T17:10:29-07:00,0,0
style.css,88,css,a3331f64,Nitin,2025-10-10,16:10:53,-07:00,2025-10-10T16:10:53-07:00,0,0
style.css,89,css,a3331f64,Nitin,2025-10-10,16:10:53,-07:00,2025-10-10T16:10:53-07:00,0,13
style.css,90,css,d1d600c1,Nitin,2025-10-10,17:10:29,-07:00,2025-10-10T17:10:29-07:00,1,18
style.css,91,css,fcef1d9a,Nitin,2025-10-10,16:54:26,-07:00,2025-10-10T16:54:26-07:00,1,10
style.css,92,css,fcef1d9a,Nitin,2025-10-10,16:54:26,-07:00,2025-10-10T16:54:26-07:00,1,12
style.css,93,css,d1d600c1,Nitin,2025-10-10,17:10:29,-07:00,2025-10-10T17:10:29-07:00,1,21
style.css,94,css,fcef1d9a,Nitin,2025-10-10,16:54:26,-07:00,2025-10-10T16:54:26-07:00,1,17
style.css,95,css,d1d600c1,Nitin,2025-10-10,17:10:29,-07:00,2025-10-10T17:10:29-07:00,1,14
style.css,96,css,d1d600c1,Nitin,2025-10-10,17:10:29,-07:00,2025-10-10T17:10:29-07:00,1,14
style.css,97,css,c616e317,Nitin,2025-10-17,01:57:24,-07:00,2025-10-17T01:57:24-07:00,1,16
style.css,98,css,a3331f64,Nitin,2025-10-10,16:10:53,-07:00,2025-10-10T16:10:53-07:00,0,0
style.css,99,css,a3331f64,Nitin,2025-10-10,16:10:53,-07:00,2025-10-10T16:10:53-07:00,0,0
style.css,100,css,c616e317,Nitin,2025-10-17,01:57:24,-07:00,2025-10-17T01:57:24-07:00,0,0
style.css,101,css,85b5fc3b,Nitin,2025-10-10,17:45:03,-07:00,2025-10-10T17:45:03-07:00,0,40
style.css,102,css,85b5fc3b,Nitin,2025-10-10,17:45:03,-07:00,2025-10-10T17:45:03-07:00,0,0
style.css,103,css,85b5fc3b,Nitin,2025-10-10,17:45:03,-07:00,2025-10-10T17:45:03-07:00,0,9
style.css,104,css,85b5fc3b,Nitin,2025-10-10,17:45:03,-07:00,2025-10-10T17:45:03-07:00,1,12
style.css,105,css,85b5fc3b,Nitin,2025-10-10,17:45:03,-07:00,2025-10-10T17:45:03-07:00,1,58
style.css,106,css,85b5fc3b,Nitin,2025-10-10,17:45:03,-07:00,2025-10-10T17:45:03-07:00,1,8
style.css,107,css,85b5fc3b,Nitin,2025-10-10,17:45:03,-07:00,2025-10-10T17:45:03-07:00,1,17
style.css,108,css,85b5fc3b,Nitin,2025-10-10,17:45:03,-07:00,2025-10-10T17:45:03-07:00,0,0
style.css,109,css,85b5fc3b,Nitin,2025-10-10,17:45:03,-07:00,2025-10-10T17:45:03-07:00,0,0
style.css,110,css,85b5fc3b,Nitin,2025-10-10,17:45:03,-07:00,2025-10-10T17:45:03-07:00,0,13
style.css,111,css,85b5fc3b,Nitin,2025-10-10,17:45:03,-07:00,2025-10-10T17:45:03-07:00,1,10
style.css,112,css,85b5fc3b,Nitin,2025-10-10,17:45:03,-07:00,2025-10-10T17:45:03-07:00,1,11
style.css,113,css,85b5fc3b,Nitin,2025-10-10,17:45:03,-07:00,2025-10-10T17:45:03-07:00,1,18
style.css,114,css,85b5fc3b,Nitin,2025-10-10,17:45:03,-07:00,2025-10-10T17:45:03-07:00,1,16
style.css,115,css,85b5fc3b,Nitin,2025-10-10,17:45:03,-07:00,2025-10-10T17:45:03-07:00,1,20
style.css,116,css,85b5fc3b,Nitin,2025-10-10,17:45:03,-07:00,2025-10-10T17:45:03-07:00,0,0
style.css,117,css,85b5fc3b,Nitin,2025-10-10,17:45:03,-07:00,2025-10-10T17:45:03-07:00,0,0
style.css,118,css,85b5fc3b,Nitin,2025-10-10,17:45:03,-07:00,2025-10-10T17:45:03-07:00,0,12
style.css,119,css,85b5fc3b,Nitin,2025-10-10,17:45:03,-07:00,2025-10-10T17:45:03-07:00,1,16
style.css,120,css,85b5fc3b,Nitin,2025-10-10,17:45:03,-07:00,2025-10-10T17:45:03-07:00,1,18
style.css,121,css,85b5fc3b,Nitin,2025-10-10,17:45:03,-07:00,2025-10-10T17:45:03-07:00,1,15
style.css,122,css,85b5fc3b,Nitin,2025-10-10,17:45:03,-07:00,2025-10-10T17:45:03-07:00,0,0
style.css,123,css,85b5fc3b,Nitin,2025-10-10,17:45:03,-07:00,2025-10-10T17:45:03-07:00,0,0
style.css,124,css,85b5fc3b,Nitin,2025-10-10,17:45:03,-07:00,2025-10-10T17:45:03-07:00,0,11
style.css,125,css,85b5fc3b,Nitin,2025-10-10,17:45:03,-07:00,2025-10-10T17:45:03-07:00,1,8
style.css,126,css,85b5fc3b,Nitin,2025-10-10,17:45:03,-07:00,2025-10-10T17:45:03-07:00,1,13
style.css,127,css,85b5fc3b,Nitin,2025-10-10,17:45:03,-07:00,2025-10-10T17:45:03-07:00,1,16
style.css,128,css,4f541763,Nitin,2025-10-10,18:08:26,-07:00,2025-10-10T18:08:26-07:00,0,0
style.css,129,css,4f541763,Nitin,2025-10-10,18:08:26,-07:00,2025-10-10T18:08:26-07:00,0,0
style.css,130,css,38bf1d66,Nitin,2025-10-10,19:10:55,-07:00,2025-10-10T19:10:55-07:00,0,0
style.css,131,css,139bc19d,Nitin,2025-10-17,01:01:46,-07:00,2025-10-17T01:01:46-07:00,0,36
style.css,132,css,139bc19d,Nitin,2025-10-17,01:01:46,-07:00,2025-10-17T01:01:46-07:00,1,46
style.css,133,css,139bc19d,Nitin,2025-10-17,01:01:46,-07:00,2025-10-17T01:01:46-07:00,1,63
style.css,134,css,139bc19d,Nitin,2025-10-17,01:01:46,-07:00,2025-10-17T01:01:46-07:00,0,0
style.css,135,css,eb4665ee,Nitin,2025-10-10,18:35:04,-07:00,2025-10-10T18:35:04-07:00,0,0
style.css,136,css,0280c7a1,Nitin,2025-10-10,19:07:52,-07:00,2025-10-10T19:07:52-07:00,0,0
style.css,137,css,eb4665ee,Nitin,2025-10-10,18:35:04,-07:00,2025-10-10T18:35:04-07:00,0,21
style.css,138,css,38bf1d66,Nitin,2025-10-10,19:10:55,-07:00,2025-10-10T19:10:55-07:00,1,15
style.css,139,css,38bf1d66,Nitin,2025-10-10,19:10:55,-07:00,2025-10-10T19:10:55-07:00,1,13
style.css,140,css,38bf1d66,Nitin,2025-10-10,19:10:55,-07:00,2025-10-10T19:10:55-07:00,1,22
style.css,141,css,8380b884,Nitin,2025-10-10,18:21:55,-07:00,2025-10-10T18:21:55-07:00,0,0
style.css,142,css,89cfae42,Nitin,2025-10-10,18:45:28,-07:00,2025-10-10T18:45:28-07:00,0,0
style.css,143,css,38bf1d66,Nitin,2025-10-10,19:10:55,-07:00,2025-10-10T19:10:55-07:00,0,0
style.css,144,css,a1f372b5,Nitin,2025-10-10,18:52:14,-07:00,2025-10-10T18:52:14-07:00,0,16
style.css,145,css,a1f372b5,Nitin,2025-10-10,18:52:14,-07:00,2025-10-10T18:52:14-07:00,1,18
style.css,146,css,8380b884,Nitin,2025-10-10,18:21:55,-07:00,2025-10-10T18:21:55-07:00,1,12
style.css,147,css,a1f372b5,Nitin,2025-10-10,18:52:14,-07:00,2025-10-10T18:52:14-07:00,1,16
style.css,148,css,a1f372b5,Nitin,2025-10-10,18:52:14,-07:00,2025-10-10T18:52:14-07:00,1,36
style.css,149,css,4f541763,Nitin,2025-10-10,18:08:26,-07:00,2025-10-10T18:08:26-07:00,0,0
style.css,150,css,cb5851b8,Nitin,2025-10-10,19:04:22,-07:00,2025-10-10T19:04:22-07:00,0,0
style.css,151,css,cb5851b8,Nitin,2025-10-10,19:04:22,-07:00,2025-10-10T19:04:22-07:00,0,0
style.css,152,css,a1f372b5,Nitin,2025-10-10,18:52:14,-07:00,2025-10-10T18:52:14-07:00,0,19
style.css,153,css,4f541763,Nitin,2025-10-10,18:08:26,-07:00,2025-10-10T18:08:26-07:00,1,16
style.css,154,css,4f541763,Nitin,2025-10-10,18:08:26,-07:00,2025-10-10T18:08:26-07:00,1,14
style.css,155,css,4f541763,Nitin,2025-10-10,18:08:26,-07:00,2025-10-10T18:08:26-07:00,1,24
style.css,156,css,8380b884,Nitin,2025-10-10,18:21:55,-07:00,2025-10-10T18:21:55-07:00,1,20
style.css,157,css,8380b884,Nitin,2025-10-10,18:21:55,-07:00,2025-10-10T18:21:55-07:00,1,13
style.css,158,css,4f541763,Nitin,2025-10-10,18:08:26,-07:00,2025-10-10T18:08:26-07:00,0,0
style.css,159,css,cb5851b8,Nitin,2025-10-10,19:04:22,-07:00,2025-10-10T19:04:22-07:00,0,0
style.css,160,css,a1f372b5,Nitin,2025-10-10,18:52:14,-07:00,2025-10-10T18:52:14-07:00,0,79
style.css,161,css,a1f372b5,Nitin,2025-10-10,18:52:14,-07:00,2025-10-10T18:52:14-07:00,0,39
style.css,162,css,a1f372b5,Nitin,2025-10-10,18:52:14,-07:00,2025-10-10T18:52:14-07:00,0,48
style.css,163,css,a1f372b5,Nitin,2025-10-10,18:52:14,-07:00,2025-10-10T18:52:14-07:00,0,0
style.css,164,css,38bf1d66,Nitin,2025-10-10,19:10:55,-07:00,2025-10-10T19:10:55-07:00,0,0
style.css,165,css,cb5851b8,Nitin,2025-10-10,19:04:22,-07:00,2025-10-10T19:04:22-07:00,0,62
style.css,166,css,cb5851b8,Nitin,2025-10-10,19:04:22,-07:00,2025-10-10T19:04:22-07:00,0,54
style.css,167,css,cb5851b8,Nitin,2025-10-10,19:04:22,-07:00,2025-10-10T19:04:22-07:00,0,0
style.css,168,css,b87d7e85,Nitin,2025-10-17,00:11:52,-07:00,2025-10-17T00:11:52-07:00,0,4
style.css,169,css,b87d7e85,Nitin,2025-10-17,00:11:52,-07:00,2025-10-17T00:11:52-07:00,1,23
style.css,170,css,cfc99a5c,Nitin,2025-10-25,18:06:55,-07:00,2025-10-25T18:06:55-07:00,0,0
style.css,171,css,cfc99a5c,Nitin,2025-10-25,18:06:55,-07:00,2025-10-25T18:06:55-07:00,0,0
style.css,172,css,cfc99a5c,Nitin,2025-10-25,18:06:55,-07:00,2025-10-25T18:06:55-07:00,0,14
style.css,173,css,cfc99a5c,Nitin,2025-10-25,18:06:55,-07:00,2025-10-25T18:06:55-07:00,1,15
style.css,174,css,cfc99a5c,Nitin,2025-10-25,18:06:55,-07:00,2025-10-25T18:06:55-07:00,1,31
style.css,175,css,cfc99a5c,Nitin,2025-10-25,18:06:55,-07:00,2025-10-25T18:06:55-07:00,1,12
style.css,176,css,cfc99a5c,Nitin,2025-10-25,18:06:55,-07:00,2025-10-25T18:06:55-07:00,1,20
style.css,177,css,cfc99a5c,Nitin,2025-10-25,18:06:55,-07:00,2025-10-25T18:06:55-07:00,1,36
style.css,178,css,cfc99a5c,Nitin,2025-10-25,18:06:55,-07:00,2025-10-25T18:06:55-07:00,0,0
style.css,179,css,cfc99a5c,Nitin,2025-10-25,18:06:55,-07:00,2025-10-25T18:06:55-07:00,0,0
style.css,180,css,cfc99a5c,Nitin,2025-10-25,18:06:55,-07:00,2025-10-25T18:06:55-07:00,0,11
style.css,181,css,cfc99a5c,Nitin,2025-10-25,18:06:55,-07:00,2025-10-25T18:06:55-07:00,1,12
style.css,182,css,cfc99a5c,Nitin,2025-10-25,18:06:55,-07:00,2025-10-25T18:06:55-07:00,1,36
style.css,183,css,cfc99a5c,Nitin,2025-10-25,18:06:55,-07:00,2025-10-25T18:06:55-07:00,1,17
style.css,184,css,cfc99a5c,Nitin,2025-10-25,18:06:55,-07:00,2025-10-25T18:06:55-07:00,1,10
style.css,185,css,cfc99a5c,Nitin,2025-10-25,18:06:55,-07:00,2025-10-25T18:06:55-07:00,0,0
style.css,186,css,cfc99a5c,Nitin,2025-10-25,18:06:55,-07:00,2025-10-25T18:06:55-07:00,0,0
style.css,187,css,cfc99a5c,Nitin,2025-10-25,18:06:55,-07:00,2025-10-25T18:06:55-07:00,0,14
style.css,188,css,cfc99a5c,Nitin,2025-10-25,18:06:55,-07:00,2025-10-25T18:06:55-07:00,1,15
style.css,189,css,cfc99a5c,Nitin,2025-10-25,18:06:55,-07:00,2025-10-25T18:06:55-07:00,1,13
style.css,190,css,cfc99a5c,Nitin,2025-10-25,18:06:55,-07:00,2025-10-25T18:06:55-07:00,0,0
style.css,191,css,cfc99a5c,Nitin,2025-10-25,18:06:55,-07:00,2025-10-25T18:06:55-07:00,0,0
style.css,192,css,cfc99a5c,Nitin,2025-10-25,18:06:55,-07:00,2025-10-25T18:06:55-07:00,0,14
style.css,193,css,cfc99a5c,Nitin,2025-10-25,18:06:55,-07:00,2025-10-25T18:06:55-07:00,1,8
style.css,194,css,cfc99a5c,Nitin,2025-10-25,18:06:55,-07:00,2025-10-25T18:06:55-07:00,1,16
style.css,195,css,cfc99a5c,Nitin,2025-10-25,18:06:55,-07:00,2025-10-25T18:06:55-07:00,1,13
style.css,196,css,ee3a8d19,Nitin,2025-10-30,21:14:39,-07:00,2025-10-30T21:14:39-07:00,0,0
style.css,197,css,ee3a8d19,Nitin,2025-10-30,21:14:39,-07:00,2025-10-30T21:14:39-07:00,0,0
style.css,198,css,ee3a8d19,Nitin,2025-10-30,21:14:39,-07:00,2025-10-30T21:14:39-07:00,0,7
style.css,199,css,ee3a8d19,Nitin,2025-10-30,21:14:39,-07:00,2025-10-30T21:14:39-07:00,1,12
style.css,200,css,ee3a8d19,Nitin,2025-10-30,21:14:39,-07:00,2025-10-30T21:14:39-07:00,1,57
style.css,201,css,ee3a8d19,Nitin,2025-10-30,21:14:39,-07:00,2025-10-30T21:14:39-07:00,1,10
style.css,202,css,ee3a8d19,Nitin,2025-10-30,21:14:39,-07:00,2025-10-30T21:14:39-07:00,0,0
style.css,203,css,ee3a8d19,Nitin,2025-10-30,21:14:39,-07:00,2025-10-30T21:14:39-07:00,0,10
style.css,204,css,ee3a8d19,Nitin,2025-10-30,21:14:39,-07:00,2025-10-30T21:14:39-07:00,1,12
style.css,205,css,ee3a8d19,Nitin,2025-10-30,21:14:39,-07:00,2025-10-30T21:14:39-07:00,1,18
style.css,206,css,ee3a8d19,Nitin,2025-10-30,21:14:39,-07:00,2025-10-30T21:14:39-07:00,1,10
style.css,207,css,ee3a8d19,Nitin,2025-10-30,21:14:39,-07:00,2025-10-30T21:14:39-07:00,0,0
style.css,208,css,ee3a8d19,Nitin,2025-10-30,21:14:39,-07:00,2025-10-30T21:14:39-07:00,0,15
style.css,209,css,ee3a8d19,Nitin,2025-10-30,21:14:39,-07:00,2025-10-30T21:14:39-07:00,1,20
style.css,210,css,ee3a8d19,Nitin,2025-10-30,21:14:39,-07:00,2025-10-30T21:14:39-07:00,1,9
style.css,211,css,ee3a8d19,Nitin,2025-10-30,21:14:39,-07:00,2025-10-30T21:14:39-07:00,1,10
style.css,212,css,ee3a8d19,Nitin,2025-10-30,21:14:39,-07:00,2025-10-30T21:14:39-07:00,1,20
style.css,213,css,ee3a8d19,Nitin,2025-10-30,21:14:39,-07:00,2025-10-30T21:14:39-07:00,1,23
style.css,214,css,ee3a8d19,Nitin,2025-10-30,21:14:39,-07:00,2025-10-30T21:14:39-07:00,0,0
style.css,215,css,ee3a8d19,Nitin,2025-10-30,21:14:39,-07:00,2025-10-30T21:14:39-07:00,0,0
style.css,216,css,ee3a8d19,Nitin,2025-10-30,21:14:39,-07:00,2025-10-30T21:14:39-07:00,0,4
style.css,217,css,ee3a8d19,Nitin,2025-10-30,21:14:39,-07:00,2025-10-30T21:14:39-07:00,1,23
style.css,218,css,ee3a8d19,Nitin,2025-10-30,21:14:39,-07:00,2025-10-30T21:14:39-07:00,1,14
style.css,219,css,ee3a8d19,Nitin,2025-10-30,21:14:39,-07:00,2025-10-30T21:14:39-07:00,0,0
style.css,220,css,ee3a8d19,Nitin,2025-10-30,21:14:39,-07:00,2025-10-30T21:14:39-07:00,0,36
style.css,221,css,ee3a8d19,Nitin,2025-10-30,21:14:39,-07:00,2025-10-30T21:14:39-07:00,1,11
style.css,222,css,ee3a8d19,Nitin,2025-10-30,21:14:39,-07:00,2025-10-30T21:14:39-07:00,0,0
style.css,223,css,ee3a8d19,Nitin,2025-10-30,21:14:39,-07:00,2025-10-30T21:14:39-07:00,0,9
style.css,224,css,ee3a8d19,Nitin,2025-10-30,21:14:39,-07:00,2025-10-30T21:14:39-07:00,1,35
style.css,225,css,b7e7b800,Nitin,2025-10-30,22:18:38,-07:00,2025-10-30T22:18:38-07:00,0,0
style.css,226,css,b7e7b800,Nitin,2025-10-30,22:18:38,-07:00,2025-10-30T22:18:38-07:00,0,0
style.css,227,css,b7e7b800,Nitin,2025-10-30,22:18:38,-07:00,2025-10-30T22:18:38-07:00,0,10
style.css,228,css,b7e7b800,Nitin,2025-10-30,22:18:38,-07:00,2025-10-30T22:18:38-07:00,1,12
style.css,229,css,b7e7b800,Nitin,2025-10-30,22:18:38,-07:00,2025-10-30T22:18:38-07:00,1,21
style.css,230,css,b7e7b800,Nitin,2025-10-30,22:18:38,-07:00,2025-10-30T22:18:38-07:00,1,18
style.css,231,css,b7e7b800,Nitin,2025-10-30,22:18:38,-07:00,2025-10-30T22:18:38-07:00,1,10
style.css,232,css,b7e7b800,Nitin,2025-10-30,22:18:38,-07:00,2025-10-30T22:18:38-07:00,1,18
style.css,233,css,b7e7b800,Nitin,2025-10-30,22:18:38,-07:00,2025-10-30T22:18:38-07:00,0,0
style.css,234,css,b7e7b800,Nitin,2025-10-30,22:18:38,-07:00,2025-10-30T22:18:38-07:00,0,0
style.css,235,css,b7e7b800,Nitin,2025-10-30,22:18:38,-07:00,2025-10-30T22:18:38-07:00,0,10
style.css,236,css,b7e7b800,Nitin,2025-10-30,22:18:38,-07:00,2025-10-30T22:18:38-07:00,1,22
style.css,237,css,b7e7b800,Nitin,2025-10-30,22:18:38,-07:00,2025-10-30T22:18:38-07:00,1,14
style.css,238,css,b7e7b800,Nitin,2025-10-30,22:18:38,-07:00,2025-10-30T22:18:38-07:00,1,21
style.css,239,css,b7e7b800,Nitin,2025-10-30,22:18:38,-07:00,2025-10-30T22:18:38-07:00,1,20
style.css,240,css,b7e7b800,Nitin,2025-10-30,22:18:38,-07:00,2025-10-30T22:18:38-07:00,1,21
style.css,241,css,b7e7b800,Nitin,2025-10-30,22:18:38,-07:00,2025-10-30T22:18:38-07:00,1,31
style.css,242,css,b7e7b800,Nitin,2025-10-30,22:18:38,-07:00,2025-10-30T22:18:38-07:00,1,13
style.css,243,css,b7e7b800,Nitin,2025-10-30,22:18:38,-07:00,2025-10-30T22:18:38-07:00,0,0
style.css,244,css,b7e7b800,Nitin,2025-10-30,22:18:38,-07:00,2025-10-30T22:18:38-07:00,0,0
style.css,245,css,b7e7b800,Nitin,2025-10-30,22:18:38,-07:00,2025-10-30T22:18:38-07:00,0,16
style.css,246,css,b7e7b800,Nitin,2025-10-30,22:18:38,-07:00,2025-10-30T22:18:38-07:00,1,12
style.css,247,css,b7e7b800,Nitin,2025-10-30,22:18:38,-07:00,2025-10-30T22:18:38-07:00,1,21
style.css,248,css,b7e7b800,Nitin,2025-10-30,22:18:38,-07:00,2025-10-30T22:18:38-07:00,1,18
style.css,249,css,2d7481a1,Nitin,2025-10-31,13:41:13,-07:00,2025-10-31T13:41:13-07:00,1,15
style.css,250,css,b7e7b800,Nitin,2025-10-30,22:18:38,-07:00,2025-10-30T22:18:38-07:00,0,0
style.css,251,css,b7e7b800,Nitin,2025-10-30,22:18:38,-07:00,2025-10-30T22:18:38-07:00,0,0
style.css,252,css,b7e7b800,Nitin,2025-10-30,22:18:38,-07:00,2025-10-30T22:18:38-07:00,0,18
style.css,253,css,eb355653,Nitin,2025-10-30,22:33:51,-07:00,2025-10-30T22:33:51-07:00,1,11
style.css,254,css,eb355653,Nitin,2025-10-30,22:33:51,-07:00,2025-10-30T22:33:51-07:00,1,12
style.css,255,css,fa89d5a0,Nitin,2025-10-30,23:16:10,-07:00,2025-10-30T23:16:10-07:00,1,13
style.css,256,css,f9dc5115,Nitin,2025-10-31,00:34:41,-07:00,2025-10-31T00:34:41-07:00,1,8
style.css,257,css,6a5ef400,Nitin,2025-10-31,00:26:41,-07:00,2025-10-31T00:26:41-07:00,1,17
style.css,258,css,fa89d5a0,Nitin,2025-10-30,23:16:10,-07:00,2025-10-30T23:16:10-07:00,1,16
style.css,259,css,b7e7b800,Nitin,2025-10-30,22:18:38,-07:00,2025-10-30T22:18:38-07:00,0,0
style.css,260,css,b7e7b800,Nitin,2025-10-30,22:18:38,-07:00,2025-10-30T22:18:38-07:00,0,0
style.css,261,css,fa89d5a0,Nitin,2025-10-30,23:16:10,-07:00,2025-10-30T23:16:10-07:00,0,0
style.css,262,css,b7e7b800,Nitin,2025-10-30,22:18:38,-07:00,2025-10-30T22:18:38-07:00,0,7
style.css,263,css,eb355653,Nitin,2025-10-30,22:33:51,-07:00,2025-10-30T22:33:51-07:00,1,12
style.css,264,css,eb355653,Nitin,2025-10-30,22:33:51,-07:00,2025-10-30T22:33:51-07:00,1,14
style.css,265,css,eb355653,Nitin,2025-10-30,22:33:51,-07:00,2025-10-30T22:33:51-07:00,1,22
style.css,266,css,eb355653,Nitin,2025-10-30,22:33:51,-07:00,2025-10-30T22:33:51-07:00,1,19
style.css,267,css,b7e7b800,Nitin,2025-10-30,22:18:38,-07:00,2025-10-30T22:18:38-07:00,1,15
style.css,268,css,b7e7b800,Nitin,2025-10-30,22:18:38,-07:00,2025-10-30T22:18:38-07:00,1,9
style.css,269,css,b7e7b800,Nitin,2025-10-30,22:18:38,-07:00,2025-10-30T22:18:38-07:00,1,8
style.css,270,css,eb355653,Nitin,2025-10-30,22:33:51,-07:00,2025-10-30T22:33:51-07:00,1,17
style.css,271,css,eb355653,Nitin,2025-10-30,22:33:51,-07:00,2025-10-30T22:33:51-07:00,0,0
style.css,272,css,eb355653,Nitin,2025-10-30,22:33:51,-07:00,2025-10-30T22:33:51-07:00,0,0
style.css,273,css,eb355653,Nitin,2025-10-30,22:33:51,-07:00,2025-10-30T22:33:51-07:00,0,10
style.css,274,css,eb355653,Nitin,2025-10-30,22:33:51,-07:00,2025-10-30T22:33:51-07:00,1,12
style.css,275,css,eb355653,Nitin,2025-10-30,22:33:51,-07:00,2025-10-30T22:33:51-07:00,1,18
style.css,276,css,eb355653,Nitin,2025-10-30,22:33:51,-07:00,2025-10-30T22:33:51-07:00,1,10
style.css,277,css,b7e7b800,Nitin,2025-10-30,22:18:38,-07:00,2025-10-30T22:18:38-07:00,0,0
style.css,278,css,b7e7b800,Nitin,2025-10-30,22:18:38,-07:00,2025-10-30T22:18:38-07:00,0,0
style.css,279,css,b7e7b800,Nitin,2025-10-30,22:18:38,-07:00,2025-10-30T22:18:38-07:00,0,15
style.css,280,css,b7e7b800,Nitin,2025-10-30,22:18:38,-07:00,2025-10-30T22:18:38-07:00,1,20
style.css,281,css,b7e7b800,Nitin,2025-10-30,22:18:38,-07:00,2025-10-30T22:18:38-07:00,1,11
style.css,282,css,b7e7b800,Nitin,2025-10-30,22:18:38,-07:00,2025-10-30T22:18:38-07:00,1,12
style.css,283,css,b7e7b800,Nitin,2025-10-30,22:18:38,-07:00,2025-10-30T22:18:38-07:00,1,19
style.css,284,css,b7e7b800,Nitin,2025-10-30,22:18:38,-07:00,2025-10-30T22:18:38-07:00,0,0
style.css,285,css,b7e7b800,Nitin,2025-10-30,22:18:38,-07:00,2025-10-30T22:18:38-07:00,0,0
style.css,286,css,dfc60a3f,Nitin,2025-10-30,23:57:36,-07:00,2025-10-30T23:57:36-07:00,0,13
style.css,287,css,6a5ef400,Nitin,2025-10-31,00:26:41,-07:00,2025-10-31T00:26:41-07:00,1,34
style.css,288,css,dfc60a3f,Nitin,2025-10-30,23:57:36,-07:00,2025-10-30T23:57:36-07:00,1,16
style.css,289,css,dfc60a3f,Nitin,2025-10-30,23:57:36,-07:00,2025-10-30T23:57:36-07:00,0,0
style.css,290,css,dfc60a3f,Nitin,2025-10-30,23:57:36,-07:00,2025-10-30T23:57:36-07:00,0,0
style.css,291,css,6a5ef400,Nitin,2025-10-31,00:26:41,-07:00,2025-10-31T00:26:41-07:00,0,0
style.css,292,css,dfc60a3f,Nitin,2025-10-30,23:57:36,-07:00,2025-10-30T23:57:36-07:00,0,19
style.css,293,css,dfc60a3f,Nitin,2025-10-30,23:57:36,-07:00,2025-10-30T23:57:36-07:00,1,34
style.css,294,css,dfc60a3f,Nitin,2025-10-30,23:57:36,-07:00,2025-10-30T23:57:36-07:00,1,20
style.css,295,css,dfc60a3f,Nitin,2025-10-30,23:57:36,-07:00,2025-10-30T23:57:36-07:00,1,21
style.css,296,css,dfc60a3f,Nitin,2025-10-30,23:57:36,-07:00,2025-10-30T23:57:36-07:00,1,31
style.css,297,css,dfc60a3f,Nitin,2025-10-30,23:57:36,-07:00,2025-10-30T23:57:36-07:00,0,0
index.js,1,js,caa89ad8,Nitin,2025-10-25,16:40:09,-07:00,2025-10-25T16:40:09-07:00,0,54
index.js,2,js,caa89ad8,Nitin,2025-10-25,16:40:09,-07:00,2025-10-25T16:40:09-07:00,0,0
index.js,3,js,caa89ad8,Nitin,2025-10-25,16:40:09,-07:00,2025-10-25T16:40:09-07:00,0,35
index.js,4,js,caa89ad8,Nitin,2025-10-25,16:40:09,-07:00,2025-10-25T16:40:09-07:00,1,57
index.js,5,js,caa89ad8,Nitin,2025-10-25,16:40:09,-07:00,2025-10-25T16:40:09-07:00,1,45
index.js,6,js,caa89ad8,Nitin,2025-10-25,16:40:09,-07:00,2025-10-25T16:40:09-07:00,0,0
index.js,7,js,caa89ad8,Nitin,2025-10-25,16:40:09,-07:00,2025-10-25T16:40:09-07:00,1,52
index.js,8,js,caa89ad8,Nitin,2025-10-25,16:40:09,-07:00,2025-10-25T16:40:09-07:00,1,46
index.js,9,js,caa89ad8,Nitin,2025-10-25,16:40:09,-07:00,2025-10-25T16:40:09-07:00,0,0
index.js,10,js,caa89ad8,Nitin,2025-10-25,16:40:09,-07:00,2025-10-25T16:40:09-07:00,0,0
index.js,11,js,caa89ad8,Nitin,2025-10-25,16:40:09,-07:00,2025-10-25T16:40:09-07:00,0,19
index.js,12,js,67519aa3,Nitin,2025-10-25,17:57:46,-07:00,2025-10-25T17:57:46-07:00,0,0
index.js,13,js,67519aa3,Nitin,2025-10-25,17:57:46,-07:00,2025-10-25T17:57:46-07:00,0,44
index.js,14,js,67519aa3,Nitin,2025-10-25,17:57:46,-07:00,2025-10-25T17:57:46-07:00,0,0
index.js,15,js,67519aa3,Nitin,2025-10-25,17:57:46,-07:00,2025-10-25T17:57:46-07:00,0,21
index.js,16,js,67519aa3,Nitin,2025-10-25,17:57:46,-07:00,2025-10-25T17:57:46-07:00,1,29
index.js,17,js,67519aa3,Nitin,2025-10-25,17:57:46,-07:00,2025-10-25T17:57:46-07:00,1,49
index.js,18,js,67519aa3,Nitin,2025-10-25,17:57:46,-07:00,2025-10-25T17:57:46-07:00,0,0
index.js,19,js,67519aa3,Nitin,2025-10-25,17:57:46,-07:00,2025-10-25T17:57:46-07:00,1,46
index.js,20,js,67519aa3,Nitin,2025-10-25,17:57:46,-07:00,2025-10-25T17:57:46-07:00,0,0
index.js,21,js,67519aa3,Nitin,2025-10-25,17:57:46,-07:00,2025-10-25T17:57:46-07:00,1,60
index.js,22,js,67519aa3,Nitin,2025-10-25,17:57:46,-07:00,2025-10-25T17:57:46-07:00,1,17
index.js,23,js,67519aa3,Nitin,2025-10-25,17:57:46,-07:00,2025-10-25T17:57:46-07:00,2,24
index.js,24,js,67519aa3,Nitin,2025-10-25,17:57:46,-07:00,2025-10-25T17:57:46-07:00,3,27
index.js,25,js,67519aa3,Nitin,2025-10-25,17:57:46,-07:00,2025-10-25T17:57:46-07:00,3,21
index.js,26,js,67519aa3,Nitin,2025-10-25,17:57:46,-07:00,2025-10-25T17:57:46-07:00,4,55
index.js,27,js,67519aa3,Nitin,2025-10-25,17:57:46,-07:00,2025-10-25T17:57:46-07:00,4,55
index.js,28,js,67519aa3,Nitin,2025-10-25,17:57:46,-07:00,2025-10-25T17:57:46-07:00,4,49
index.js,29,js,67519aa3,Nitin,2025-10-25,17:57:46,-07:00,2025-10-25T17:57:46-07:00,4,49
index.js,30,js,67519aa3,Nitin,2025-10-25,17:57:46,-07:00,2025-10-25T17:57:46-07:00,3,3
index.js,31,js,67519aa3,Nitin,2025-10-25,17:57:46,-07:00,2025-10-25T17:57:46-07:00,2,0
index.js,32,js,67519aa3,Nitin,2025-10-25,17:57:46,-07:00,2025-10-25T17:57:46-07:00,1,0
index.js,33,js,67519aa3,Nitin,2025-10-25,17:57:46,-07:00,2025-10-25T17:57:46-07:00,0,0
index.js,34,js,67519aa3,Nitin,2025-10-25,17:57:46,-07:00,2025-10-25T17:57:46-07:00,0,0
index.js,35,js,67519aa3,Nitin,2025-10-25,17:57:46,-07:00,2025-10-25T17:57:46-07:00,0,5
index.html,1,html,6b813a33,Nitin,2025-10-03,20:40:52,-07:00,2025-10-03T20:40:52-07:00,0,13
index.html,2,html,6b813a33,Nitin,2025-10-03,20:40:52,-07:00,2025-10-03T20:40:52-07:00,0,14
index.html,3,html,6b813a33,Nitin,2025-10-03,20:40:52,-07:00,2025-10-03T20:40:52-07:00,0,4
index.html,4,html,caa89ad8,Nitin,2025-10-25,16:40:09,-07:00,2025-10-25T16:40:09-07:00,1,22
index.html,5,html,caa89ad8,Nitin,2025-10-25,16:40:09,-07:00,2025-10-25T16:40:09-07:00,1,70
index.html,6,html,caa89ad8,Nitin,2025-10-25,16:40:09,-07:00,2025-10-25T16:40:09-07:00,1,40
index.html,7,html,caa89ad8,Nitin,2025-10-25,16:40:09,-07:00,2025-10-25T16:40:09-07:00,1,40
index.html,8,html,caa89ad8,Nitin,2025-10-25,16:40:09,-07:00,2025-10-25T16:40:09-07:00,1,45
index.html,9,html,6b813a33,Nitin,2025-10-03,20:40:52,-07:00,2025-10-03T20:40:52-07:00,0,5
index.html,10,html,caa89ad8,Nitin,2025-10-25,16:40:09,-07:00,2025-10-25T16:40:09-07:00,0,0
index.html,11,html,6b813a33,Nitin,2025-10-03,20:40:52,-07:00,2025-10-03T20:40:52-07:00,0,4
index.html,12,html,caa89ad8,Nitin,2025-10-25,16:40:09,-07:00,2025-10-25T16:40:09-07:00,1,24
index.html,13,html,caa89ad8,Nitin,2025-10-25,16:40:09,-07:00,2025-10-25T16:40:09-07:00,1,2
index.html,14,html,caa89ad8,Nitin,2025-10-25,16:40:09,-07:00,2025-10-25T16:40:09-07:00,1,24
index.html,15,html,caa89ad8,Nitin,2025-10-25,16:40:09,-07:00,2025-10-25T16:40:09-07:00,2,27
index.html,16,html,caa89ad8,Nitin,2025-10-25,16:40:09,-07:00,2025-10-25T16:40:09-07:00,2,40
index.html,17,html,caa89ad8,Nitin,2025-10-25,16:40:09,-07:00,2025-10-25T16:40:09-07:00,2,38
index.html,18,html,caa89ad8,Nitin,2025-10-25,16:40:09,-07:00,2025-10-25T16:40:09-07:00,2,28
index.html,19,html,caa89ad8,Nitin,2025-10-25,16:40:09,-07:00,2025-10-25T16:40:09-07:00,2,65
index.html,20,html,caa89ad8,Nitin,2025-10-25,16:40:09,-07:00,2025-10-25T16:40:09-07:00,1,4
index.html,21,html,caa89ad8,Nitin,2025-10-25,16:40:09,-07:00,2025-10-25T16:40:09-07:00,1,1
index.html,22,html,67519aa3,Nitin,2025-10-25,17:57:46,-07:00,2025-10-25T17:57:46-07:00,1,28
index.html,23,html,caa89ad8,Nitin,2025-10-25,16:40:09,-07:00,2025-10-25T16:40:09-07:00,1,1
index.html,24,html,caa89ad8,Nitin,2025-10-25,16:40:09,-07:00,2025-10-25T16:40:09-07:00,2,105
index.html,25,html,caa89ad8,Nitin,2025-10-25,16:40:09,-07:00,2025-10-25T16:40:09-07:00,2,145
index.html,26,html,caa89ad8,Nitin,2025-10-25,16:40:09,-07:00,2025-10-25T16:40:09-07:00,1,2
index.html,27,html,caa89ad8,Nitin,2025-10-25,16:40:09,-07:00,2025-10-25T16:40:09-07:00,0,0
index.html,28,html,caa89ad8,Nitin,2025-10-25,16:40:09,-07:00,2025-10-25T16:40:09-07:00,1,68
index.html,29,html,caa89ad8,Nitin,2025-10-25,16:40:09,-07:00,2025-10-25T16:40:09-07:00,0,0
index.html,30,html,caa89ad8,Nitin,2025-10-25,16:40:09,-07:00,2025-10-25T16:40:09-07:00,1,22
index.html,31,html,caa89ad8,Nitin,2025-10-25,16:40:09,-07:00,2025-10-25T16:40:09-07:00,1,26
index.html,32,html,caa89ad8,Nitin,2025-10-25,16:40:09,-07:00,2025-10-25T16:40:09-07:00,0,0
index.html,33,html,caa89ad8,Nitin,2025-10-25,16:40:09,-07:00,2025-10-25T16:40:09-07:00,1,44
index.html,34,html,6b813a33,Nitin,2025-10-03,20:40:52,-07:00,2025-10-03T20:40:52-07:00,0,5
index.html,35,html,6b813a33,Nitin,2025-10-03,20:40:52,-07:00,2025-10-03T20:40:52-07:00,0,5
global.js,1,js,eb8cfaaa,Nitin,2025-10-16,22:12:38,-07:00,2025-10-16T22:12:38-07:00,0,25
global.js,2,js,fb15d110,Nitin,2025-10-16,21:57:04,-07:00,2025-10-16T21:57:04-07:00,0,0
global.js,3,js,eb8cfaaa,Nitin,2025-10-16,22:12:38,-07:00,2025-10-16T22:12:38-07:00,0,41
global.js,4,js,fb15d110,Nitin,2025-10-16,21:57:04,-07:00,2025-10-16T21:57:04-07:00,1,52
global.js,5,js,d54ca440,Nitin,2025-10-16,22:16:02,-07:00,2025-10-16T22:16:02-07:00,0,0
global.js,6,js,d54ca440,Nitin,2025-10-16,22:16:02,-07:00,2025-10-16T22:16:02-07:00,0,0
global.js,7,js,be3020a0,Nitin,2025-10-16,23:41:59,-07:00,2025-10-16T23:41:59-07:00,0,0
global.js,8,js,d17e80fa,Nitin,2025-10-16,23:04:07,-07:00,2025-10-16T23:04:07-07:00,0,27
global.js,9,js,d54ca440,Nitin,2025-10-16,22:16:02,-07:00,2025-10-16T22:16:02-07:00,0,0
global.js,10,js,be3020a0,Nitin,2025-10-16,23:41:59,-07:00,2025-10-16T23:41:59-07:00,0,32
global.js,11,js,be3020a0,Nitin,2025-10-16,23:41:59,-07:00,2025-10-16T23:41:59-07:00,1,4
global.js,12,js,be3020a0,Nitin,2025-10-16,23:41:59,-07:00,2025-10-16T23:41:59-07:00,2,25
global.js,13,js,be3020a0,Nitin,2025-10-16,23:41:59,-07:00,2025-10-16T23:41:59-07:00,2,34
global.js,14,js,be3020a0,Nitin,2025-10-16,23:41:59,-07:00,2025-10-16T23:41:59-07:00,2,48
global.js,15,js,be3020a0,Nitin,2025-10-16,23:41:59,-07:00,2025-10-16T23:41:59-07:00,2,39
global.js,16,js,be3020a0,Nitin,2025-10-16,23:41:59,-07:00,2025-10-16T23:41:59-07:00,0,0
global.js,17,js,daf44493,Nitin,2025-10-16,23:09:50,-07:00,2025-10-16T23:09:50-07:00,0,0
global.js,18,js,be3020a0,Nitin,2025-10-16,23:41:59,-07:00,2025-10-16T23:41:59-07:00,0,36
global.js,19,js,be3020a0,Nitin,2025-10-16,23:41:59,-07:00,2025-10-16T23:41:59-07:00,0,0
global.js,20,js,daf44493,Nitin,2025-10-16,23:09:50,-07:00,2025-10-16T23:09:50-07:00,0,0
global.js,21,js,be3020a0,Nitin,2025-10-16,23:41:59,-07:00,2025-10-16T23:41:59-07:00,0,13
global.js,22,js,be3020a0,Nitin,2025-10-16,23:41:59,-07:00,2025-10-16T23:41:59-07:00,1,25
global.js,23,js,be3020a0,Nitin,2025-10-16,23:41:59,-07:00,2025-10-16T23:41:59-07:00,1,38
global.js,24,js,be3020a0,Nitin,2025-10-16,23:41:59,-07:00,2025-10-16T23:41:59-07:00,1,26
global.js,25,js,be3020a0,Nitin,2025-10-16,23:41:59,-07:00,2025-10-16T23:41:59-07:00,1,36
global.js,26,js,5516f400,Nitin,2025-11-08,13:19:05,-08:00,2025-11-08T13:19:05-08:00,1,30
global.js,27,js,6f53d950,Nitin,2025-10-16,23:50:23,-07:00,2025-10-16T23:50:23-07:00,1,57
global.js,28,js,be3020a0,Nitin,2025-10-16,23:41:59,-07:00,2025-10-16T23:41:59-07:00,0,0
global.js,29,js,daf44493,Nitin,2025-10-16,23:09:50,-07:00,2025-10-16T23:09:50-07:00,0,0
global.js,30,js,6f53d950,Nitin,2025-10-16,23:50:23,-07:00,2025-10-16T23:50:23-07:00,0,0
global.js,31,js,be3020a0,Nitin,2025-10-16,23:41:59,-07:00,2025-10-16T23:41:59-07:00,0,15
global.js,32,js,be3020a0,Nitin,2025-10-16,23:41:59,-07:00,2025-10-16T23:41:59-07:00,1,68
global.js,33,js,6f53d950,Nitin,2025-10-16,23:50:23,-07:00,2025-10-16T23:50:23-07:00,2,3
global.js,34,js,6f53d950,Nitin,2025-10-16,23:50:23,-07:00,2025-10-16T23:50:23-07:00,2,14
global.js,35,js,d54ca440,Nitin,2025-10-16,22:16:02,-07:00,2025-10-16T22:16:02-07:00,0,0
global.js,36,js,be3020a0,Nitin,2025-10-16,23:41:59,-07:00,2025-10-16T23:41:59-07:00,0,40
global.js,37,js,be3020a0,Nitin,2025-10-16,23:41:59,-07:00,2025-10-16T23:41:59-07:00,0,25
global.js,38,js,be3020a0,Nitin,2025-10-16,23:41:59,-07:00,2025-10-16T23:41:59-07:00,0,0
global.js,39,js,6f53d950,Nitin,2025-10-16,23:50:23,-07:00,2025-10-16T23:50:23-07:00,0,24
global.js,40,js,6f53d950,Nitin,2025-10-16,23:50:23,-07:00,2025-10-16T23:50:23-07:00,1,57
global.js,41,js,6f53d950,Nitin,2025-10-16,23:50:23,-07:00,2025-10-16T23:50:23-07:00,0,0
global.js,42,js,6f53d950,Nitin,2025-10-16,23:50:23,-07:00,2025-10-16T23:50:23-07:00,0,0
global.js,43,js,be3020a0,Nitin,2025-10-16,23:41:59,-07:00,2025-10-16T23:41:59-07:00,0,0
global.js,44,js,be3020a0,Nitin,2025-10-16,23:41:59,-07:00,2025-10-16T23:41:59-07:00,0,22
global.js,45,js,be3020a0,Nitin,2025-10-16,23:41:59,-07:00,2025-10-16T23:41:59-07:00,1,63
global.js,46,js,be3020a0,Nitin,2025-10-16,23:41:59,-07:00,2025-10-16T23:41:59-07:00,1,36
global.js,47,js,be3020a0,Nitin,2025-10-16,23:41:59,-07:00,2025-10-16T23:41:59-07:00,1,11
global.js,48,js,be3020a0,Nitin,2025-10-16,23:41:59,-07:00,2025-10-16T23:41:59-07:00,1,22
global.js,49,js,be3020a0,Nitin,2025-10-16,23:41:59,-07:00,2025-10-16T23:41:59-07:00,0,0
global.js,50,js,9c81b284,Nitin,2025-10-16,23:54:57,-07:00,2025-10-16T23:54:57-07:00,1,75
global.js,51,js,9c81b284,Nitin,2025-10-16,23:54:57,-07:00,2025-10-16T23:54:57-07:00,1,65
global.js,52,js,6f53d950,Nitin,2025-10-16,23:50:23,-07:00,2025-10-16T23:50:23-07:00,0,0
global.js,53,js,9c81b284,Nitin,2025-10-16,23:54:57,-07:00,2025-10-16T23:54:57-07:00,1,57
global.js,54,js,6f53d950,Nitin,2025-10-16,23:50:23,-07:00,2025-10-16T23:50:23-07:00,2,25
global.js,55,js,6f53d950,Nitin,2025-10-16,23:50:23,-07:00,2025-10-16T23:50:23-07:00,1,0
global.js,56,js,be3020a0,Nitin,2025-10-16,23:41:59,-07:00,2025-10-16T23:41:59-07:00,0,0
global.js,57,js,be3020a0,Nitin,2025-10-16,23:41:59,-07:00,2025-10-16T23:41:59-07:00,1,48
global.js,58,js,be3020a0,Nitin,2025-10-16,23:41:59,-07:00,2025-10-16T23:41:59-07:00,0,0
global.js,59,js,be3020a0,Nitin,2025-10-16,23:41:59,-07:00,2025-10-16T23:41:59-07:00,1,12
global.js,60,js,be3020a0,Nitin,2025-10-16,23:41:59,-07:00,2025-10-16T23:41:59-07:00,0,0
global.js,61,js,dd4be0b0,Nitin,2025-10-16,23:13:13,-07:00,2025-10-16T23:13:13-07:00,0,0
global.js,62,js,dd4be0b0,Nitin,2025-10-16,23:13:13,-07:00,2025-10-16T23:13:13-07:00,0,51
global.js,63,js,dd4be0b0,Nitin,2025-10-16,23:13:13,-07:00,2025-10-16T23:13:13-07:00,0,26
global.js,64,js,dd4be0b0,Nitin,2025-10-16,23:13:13,-07:00,2025-10-16T23:13:13-07:00,1,51
global.js,65,js,b87d7e85,Nitin,2025-10-17,00:11:52,-07:00,2025-10-17T00:11:52-07:00,0,1
global.js,66,js,b87d7e85,Nitin,2025-10-17,00:11:52,-07:00,2025-10-17T00:11:52-07:00,0,0
global.js,67,js,b87d7e85,Nitin,2025-10-17,00:11:52,-07:00,2025-10-17T00:11:52-07:00,0,31
global.js,68,js,6ae839ad,Nitin,2025-10-17,00:19:11,-07:00,2025-10-17T00:19:11-07:00,1,11
global.js,69,js,b87d7e85,Nitin,2025-10-17,00:11:52,-07:00,2025-10-17T00:11:52-07:00,1,0
global.js,70,js,b87d7e85,Nitin,2025-10-17,00:11:52,-07:00,2025-10-17T00:11:52-07:00,1,26
global.js,71,js,b87d7e85,Nitin,2025-10-17,00:11:52,-07:00,2025-10-17T00:11:52-07:00,2,4
global.js,72,js,b87d7e85,Nitin,2025-10-17,00:11:52,-07:00,2025-10-17T00:11:52-07:00,2,6
global.js,73,js,b87d7e85,Nitin,2025-10-17,00:11:52,-07:00,2025-10-17T00:11:52-07:00,3,43
global.js,74,js,b87d7e85,Nitin,2025-10-17,00:11:52,-07:00,2025-10-17T00:11:52-07:00,3,34
global.js,75,js,b87d7e85,Nitin,2025-10-17,00:11:52,-07:00,2025-10-17T00:11:52-07:00,3,32
global.js,76,js,b87d7e85,Nitin,2025-10-17,00:11:52,-07:00,2025-10-17T00:11:52-07:00,2,7
global.js,77,js,b87d7e85,Nitin,2025-10-17,00:11:52,-07:00,2025-10-17T00:11:52-07:00,1,6
global.js,78,js,b87d7e85,Nitin,2025-10-17,00:11:52,-07:00,2025-10-17T00:11:52-07:00,1,0
global.js,79,js,b87d7e85,Nitin,2025-10-17,00:11:52,-07:00,2025-10-17T00:11:52-07:00,0,0
global.js,80,js,b87d7e85,Nitin,2025-10-17,00:11:52,-07:00,2025-10-17T00:11:52-07:00,0,0
global.js,81,js,b87d7e85,Nitin,2025-10-17,00:11:52,-07:00,2025-10-17T00:11:52-07:00,0,0
global.js,82,js,b87d7e85,Nitin,2025-10-17,00:11:52,-07:00,2025-10-17T00:11:52-07:00,0,58
global.js,83,js,b87d7e85,Nitin,2025-10-17,00:11:52,-07:00,2025-10-17T00:11:52-07:00,0,38
global.js,84,js,b87d7e85,Nitin,2025-10-17,00:11:52,-07:00,2025-10-17T00:11:52-07:00,0,29
global.js,85,js,b87d7e85,Nitin,2025-10-17,00:11:52,-07:00,2025-10-17T00:11:52-07:00,0,31
global.js,86,js,b87d7e85,Nitin,2025-10-17,00:11:52,-07:00,2025-10-17T00:11:52-07:00,0,36
global.js,87,js,b87d7e85,Nitin,2025-10-17,00:11:52,-07:00,2025-10-17T00:11:52-07:00,0,39
global.js,88,js,b87d7e85,Nitin,2025-10-17,00:11:52,-07:00,2025-10-17T00:11:52-07:00,0,36
global.js,89,js,b87d7e85,Nitin,2025-10-17,00:11:52,-07:00,2025-10-17T00:11:52-07:00,0,0
global.js,90,js,b87d7e85,Nitin,2025-10-17,00:11:52,-07:00,2025-10-17T00:11:52-07:00,0,0
global.js,91,js,b87d7e85,Nitin,2025-10-17,00:11:52,-07:00,2025-10-17T00:11:52-07:00,0,49
global.js,92,js,b87d7e85,Nitin,2025-10-17,00:11:52,-07:00,2025-10-17T00:11:52-07:00,0,0
global.js,93,js,b87d7e85,Nitin,2025-10-17,00:11:52,-07:00,2025-10-17T00:11:52-07:00,0,0
global.js,94,js,b87d7e85,Nitin,2025-10-17,00:11:52,-07:00,2025-10-17T00:11:52-07:00,0,27
global.js,95,js,b87d7e85,Nitin,2025-10-17,00:11:52,-07:00,2025-10-17T00:11:52-07:00,1,64
global.js,96,js,b87d7e85,Nitin,2025-10-17,00:11:52,-07:00,2025-10-17T00:11:52-07:00,0,0
global.js,97,js,b87d7e85,Nitin,2025-10-17,00:11:52,-07:00,2025-10-17T00:11:52-07:00,0,0
global.js,98,js,b87d7e85,Nitin,2025-10-17,00:11:52,-07:00,2025-10-17T00:11:52-07:00,0,0
global.js,99,js,b87d7e85,Nitin,2025-10-17,00:11:52,-07:00,2025-10-17T00:11:52-07:00,0,34
global.js,100,js,b87d7e85,Nitin,2025-10-17,00:11:52,-07:00,2025-10-17T00:11:52-07:00,1,37
global.js,101,js,b87d7e85,Nitin,2025-10-17,00:11:52,-07:00,2025-10-17T00:11:52-07:00,1,17
global.js,102,js,b87d7e85,Nitin,2025-10-17,00:11:52,-07:00,2025-10-17T00:11:52-07:00,1,19
global.js,103,js,b87d7e85,Nitin,2025-10-17,00:11:52,-07:00,2025-10-17T00:11:52-07:00,0,0
global.js,104,js,b87d7e85,Nitin,2025-10-17,00:11:52,-07:00,2025-10-17T00:11:52-07:00,0,0
global.js,105,js,b87d7e85,Nitin,2025-10-17,00:11:52,-07:00,2025-10-17T00:11:52-07:00,0,0
global.js,106,js,b87d7e85,Nitin,2025-10-17,00:11:52,-07:00,2025-10-17T00:11:52-07:00,0,39
global.js,107,js,b87d7e85,Nitin,2025-10-17,00:11:52,-07:00,2025-10-17T00:11:52-07:00,1,27
global.js,108,js,b87d7e85,Nitin,2025-10-17,00:11:52,-07:00,2025-10-17T00:11:52-07:00,1,17
global.js,109,js,b87d7e85,Nitin,2025-10-17,00:11:52,-07:00,2025-10-17T00:11:52-07:00,1,31
global.js,110,js,7352a6b4,Nitin,2025-10-17,00:36:18,-07:00,2025-10-17T00:36:18-07:00,0,1
global.js,111,js,7352a6b4,Nitin,2025-10-17,00:36:18,-07:00,2025-10-17T00:36:18-07:00,0,0
global.js,112,js,caa89ad8,Nitin,2025-10-25,16:40:09,-07:00,2025-10-25T16:40:09-07:00,0,112
global.js,113,js,caa89ad8,Nitin,2025-10-25,16:40:09,-07:00,2025-10-25T16:40:09-07:00,0,0
global.js,114,js,caa89ad8,Nitin,2025-10-25,16:40:09,-07:00,2025-10-25T16:40:09-07:00,0,36
global.js,115,js,caa89ad8,Nitin,2025-10-25,16:40:09,-07:00,2025-10-25T16:40:09-07:00,1,3
global.js,116,js,caa89ad8,Nitin,2025-10-25,16:40:09,-07:00,2025-10-25T16:40:09-07:00,2,32
global.js,117,js,caa89ad8,Nitin,2025-10-25,16:40:09,-07:00,2025-10-25T16:40:09-07:00,2,17
global.js,118,js,caa89ad8,Nitin,2025-10-25,16:40:09,-07:00,2025-10-25T16:40:09-07:00,3,66
global.js,119,js,caa89ad8,Nitin,2025-10-25,16:40:09,-07:00,2025-10-25T16:40:09-07:00,2,0
global.js,120,js,caa89ad8,Nitin,2025-10-25,16:40:09,-07:00,2025-10-25T16:40:09-07:00,2,33
global.js,121,js,caa89ad8,Nitin,2025-10-25,16:40:09,-07:00,2025-10-25T16:40:09-07:00,2,10
global.js,122,js,caa89ad8,Nitin,2025-10-25,16:40:09,-07:00,2025-10-25T16:40:09-07:00,1,15
global.js,123,js,caa89ad8,Nitin,2025-10-25,16:40:09,-07:00,2025-10-25T16:40:09-07:00,2,59
global.js,124,js,caa89ad8,Nitin,2025-10-25,16:40:09,-07:00,2025-10-25T16:40:09-07:00,2,8
global.js,125,js,caa89ad8,Nitin,2025-10-25,16:40:09,-07:00,2025-10-25T16:40:09-07:00,1,0
global.js,126,js,caa89ad8,Nitin,2025-10-25,16:40:09,-07:00,2025-10-25T16:40:09-07:00,0,0
global.js,127,js,caa89ad8,Nitin,2025-10-25,16:40:09,-07:00,2025-10-25T16:40:09-07:00,0,0
global.js,128,js,caa89ad8,Nitin,2025-10-25,16:40:09,-07:00,2025-10-25T16:40:09-07:00,0,79
global.js,129,js,caa89ad8,Nitin,2025-10-25,16:40:09,-07:00,2025-10-25T16:40:09-07:00,1,56
global.js,130,js,caa89ad8,Nitin,2025-10-25,16:40:09,-07:00,2025-10-25T16:40:09-07:00,0,0
global.js,131,js,caa89ad8,Nitin,2025-10-25,16:40:09,-07:00,2025-10-25T16:40:09-07:00,1,30
global.js,132,js,caa89ad8,Nitin,2025-10-25,16:40:09,-07:00,2025-10-25T16:40:09-07:00,0,0
global.js,133,js,caa89ad8,Nitin,2025-10-25,16:40:09,-07:00,2025-10-25T16:40:09-07:00,1,29
global.js,134,js,caa89ad8,Nitin,2025-10-25,16:40:09,-07:00,2025-10-25T16:40:09-07:00,2,48
global.js,135,js,caa89ad8,Nitin,2025-10-25,16:40:09,-07:00,2025-10-25T16:40:09-07:00,2,19
global.js,136,js,caa89ad8,Nitin,2025-10-25,16:40:09,-07:00,2025-10-25T16:40:09-07:00,3,49
global.js,137,js,caa89ad8,Nitin,2025-10-25,16:40:09,-07:00,2025-10-25T16:40:09-07:00,3,49
global.js,138,js,caa89ad8,Nitin,2025-10-25,16:40:09,-07:00,2025-10-25T16:40:09-07:00,3,27
global.js,139,js,758ed596,Nitin,2025-10-31,14:41:13,-07:00,2025-10-31T14:41:13-07:00,3,77
global.js,140,js,758ed596,Nitin,2025-10-31,14:41:13,-07:00,2025-10-31T14:41:13-07:00,3,86
global.js,141,js,caa89ad8,Nitin,2025-10-25,16:40:09,-07:00,2025-10-25T16:40:09-07:00,2,0
global.js,142,js,caa89ad8,Nitin,2025-10-25,16:40:09,-07:00,2025-10-25T16:40:09-07:00,2,36
global.js,143,js,caa89ad8,Nitin,2025-10-25,16:40:09,-07:00,2025-10-25T16:40:09-07:00,1,1
global.js,144,js,67519aa3,Nitin,2025-10-25,17:57:46,-07:00,2025-10-25T17:57:46-07:00,0,0
global.js,145,js,67519aa3,Nitin,2025-10-25,17:57:46,-07:00,2025-10-25T17:57:46-07:00,0,0
global.js,146,js,67519aa3,Nitin,2025-10-25,17:57:46,-07:00,2025-10-25T17:57:46-07:00,0,47
global.js,147,js,67519aa3,Nitin,2025-10-25,17:57:46,-07:00,2025-10-25T17:57:46-07:00,1,59
global.js,148,js,caa89ad8,Nitin,2025-10-25,16:40:09,-07:00,2025-10-25T16:40:09-07:00,0,0
projects\projects.js,1,js,e61af56d,Nitin,2025-10-30,21:49:28,-07:00,2025-10-30T21:49:28-07:00,0,63
projects\projects.js,2,js,caa89ad8,Nitin,2025-10-25,16:40:09,-07:00,2025-10-25T16:40:09-07:00,0,55
projects\projects.js,3,js,caa89ad8,Nitin,2025-10-25,16:40:09,-07:00,2025-10-25T16:40:09-07:00,0,0
projects\projects.js,4,js,caa89ad8,Nitin,2025-10-25,16:40:09,-07:00,2025-10-25T16:40:09-07:00,0,29
projects\projects.js,5,js,e61af56d,Nitin,2025-10-30,21:49:28,-07:00,2025-10-30T21:49:28-07:00,1,52
projects\projects.js,6,js,e61af56d,Nitin,2025-10-30,21:49:28,-07:00,2025-10-30T21:49:28-07:00,0,0
projects\projects.js,7,js,caa89ad8,Nitin,2025-10-25,16:40:09,-07:00,2025-10-25T16:40:09-07:00,1,55
projects\projects.js,8,js,caa89ad8,Nitin,2025-10-25,16:40:09,-07:00,2025-10-25T16:40:09-07:00,1,40
projects\projects.js,9,js,caa89ad8,Nitin,2025-10-25,16:40:09,-07:00,2025-10-25T16:40:09-07:00,0,0
projects\projects.js,10,js,caa89ad8,Nitin,2025-10-25,16:40:09,-07:00,2025-10-25T16:40:09-07:00,1,54
projects\projects.js,11,js,e61af56d,Nitin,2025-10-30,21:49:28,-07:00,2025-10-30T21:49:28-07:00,1,61
projects\projects.js,12,js,caa89ad8,Nitin,2025-10-25,16:40:09,-07:00,2025-10-25T16:40:09-07:00,0,0
projects\projects.js,13,js,caa89ad8,Nitin,2025-10-25,16:40:09,-07:00,2025-10-25T16:40:09-07:00,1,3
projects\projects.js,14,js,ba0ca55a,Nitin,2025-10-25,16:57:11,-07:00,2025-10-25T16:57:11-07:00,2,29
projects\projects.js,15,js,caa89ad8,Nitin,2025-10-25,16:40:09,-07:00,2025-10-25T16:40:09-07:00,2,83
projects\projects.js,16,js,caa89ad8,Nitin,2025-10-25,16:40:09,-07:00,2025-10-25T16:40:09-07:00,0,0
projects\projects.js,17,js,caa89ad8,Nitin,2025-10-25,16:40:09,-07:00,2025-10-25T16:40:09-07:00,2,39
projects\projects.js,18,js,caa89ad8,Nitin,2025-10-25,16:40:09,-07:00,2025-10-25T16:40:09-07:00,2,48
projects\projects.js,19,js,caa89ad8,Nitin,2025-10-25,16:40:09,-07:00,2025-10-25T16:40:09-07:00,0,0
projects\projects.js,20,js,caa89ad8,Nitin,2025-10-25,16:40:09,-07:00,2025-10-25T16:40:09-07:00,2,49
projects\projects.js,21,js,caa89ad8,Nitin,2025-10-25,16:40:09,-07:00,2025-10-25T16:40:09-07:00,3,15
projects\projects.js,22,js,ba0ca55a,Nitin,2025-10-25,16:57:11,-07:00,2025-10-25T16:57:11-07:00,3,28
projects\projects.js,23,js,caa89ad8,Nitin,2025-10-25,16:40:09,-07:00,2025-10-25T16:40:09-07:00,3,59
projects\projects.js,24,js,caa89ad8,Nitin,2025-10-25,16:40:09,-07:00,2025-10-25T16:40:09-07:00,3,17
projects\projects.js,25,js,a1b3d23e,Nitin,2025-10-31,14:06:10,-07:00,2025-10-31T14:06:10-07:00,3,11
projects\projects.js,26,js,a1b3d23e,Nitin,2025-10-31,14:06:10,-07:00,2025-10-31T14:06:10-07:00,2,2
projects\projects.js,27,js,ba0ca55a,Nitin,2025-10-25,16:57:11,-07:00,2025-10-25T16:57:11-07:00,0,0
projects\projects.js,28,js,caa89ad8,Nitin,2025-10-25,16:40:09,-07:00,2025-10-25T16:40:09-07:00,2,32
projects\projects.js,29,js,caa89ad8,Nitin,2025-10-25,16:40:09,-07:00,2025-10-25T16:40:09-07:00,3,48
projects\projects.js,30,js,caa89ad8,Nitin,2025-10-25,16:40:09,-07:00,2025-10-25T16:40:09-07:00,3,19
projects\projects.js,31,js,0baa3557,Nitin,2025-10-31,14:34:01,-07:00,2025-10-31T14:34:01-07:00,3,20
projects\projects.js,32,js,0baa3557,Nitin,2025-10-31,14:34:01,-07:00,2025-10-31T14:34:01-07:00,3,43
projects\projects.js,33,js,0baa3557,Nitin,2025-10-31,14:34:01,-07:00,2025-10-31T14:34:01-07:00,3,48
projects\projects.js,34,js,0baa3557,Nitin,2025-10-31,14:34:01,-07:00,2025-10-31T14:34:01-07:00,3,61
projects\projects.js,35,js,caa89ad8,Nitin,2025-10-25,16:40:09,-07:00,2025-10-25T16:40:09-07:00,3,0
projects\projects.js,36,js,caa89ad8,Nitin,2025-10-25,16:40:09,-07:00,2025-10-25T16:40:09-07:00,3,29
projects\projects.js,37,js,caa89ad8,Nitin,2025-10-25,16:40:09,-07:00,2025-10-25T16:40:09-07:00,2,1
projects\projects.js,38,js,e61af56d,Nitin,2025-10-30,21:49:28,-07:00,2025-10-30T21:49:28-07:00,0,0
projects\projects.js,39,js,e61af56d,Nitin,2025-10-30,21:49:28,-07:00,2025-10-30T21:49:28-07:00,2,31
projects\projects.js,40,js,caa89ad8,Nitin,2025-10-25,16:40:09,-07:00,2025-10-25T16:40:09-07:00,1,15
projects\projects.js,41,js,caa89ad8,Nitin,2025-10-25,16:40:09,-07:00,2025-10-25T16:40:09-07:00,2,51
projects\projects.js,42,js,caa89ad8,Nitin,2025-10-25,16:40:09,-07:00,2025-10-25T16:40:09-07:00,1,0
projects\projects.js,43,js,a1b3d23e,Nitin,2025-10-31,14:06:10,-07:00,2025-10-31T14:06:10-07:00,0,0
projects\projects.js,44,js,e61af56d,Nitin,2025-10-30,21:49:28,-07:00,2025-10-30T21:49:28-07:00,1,79
projects\projects.js,45,js,432b6050,Nitin,2025-10-30,21:43:48,-07:00,2025-10-30T21:43:48-07:00,1,78
projects\projects.js,46,js,432b6050,Nitin,2025-10-30,21:43:48,-07:00,2025-10-30T21:43:48-07:00,0,0
projects\projects.js,47,js,d0944c72,Nitin,2025-10-31,00:32:06,-07:00,2025-10-31T00:32:06-07:00,1,17
projects\projects.js,48,js,432b6050,Nitin,2025-10-30,21:43:48,-07:00,2025-10-30T21:43:48-07:00,0,0
projects\projects.js,49,js,a1b3d23e,Nitin,2025-10-31,14:06:10,-07:00,2025-10-31T14:06:10-07:00,1,27
projects\projects.js,50,js,a1b3d23e,Nitin,2025-10-31,14:06:10,-07:00,2025-10-31T14:06:10-07:00,2,13
projects\projects.js,51,js,a1b3d23e,Nitin,2025-10-31,14:06:10,-07:00,2025-10-31T14:06:10-07:00,2,18
projects\projects.js,52,js,a1b3d23e,Nitin,2025-10-31,14:06:10,-07:00,2025-10-31T14:06:10-07:00,2,10
projects\projects.js,53,js,a1b3d23e,Nitin,2025-10-31,14:06:10,-07:00,2025-10-31T14:06:10-07:00,2,15
projects\projects.js,54,js,a1b3d23e,Nitin,2025-10-31,14:06:10,-07:00,2025-10-31T14:06:10-07:00,0,0
projects\projects.js,55,js,a1b3d23e,Nitin,2025-10-31,14:06:10,-07:00,2025-10-31T14:06:10-07:00,1,50
projects\projects.js,56,js,a1b3d23e,Nitin,2025-10-31,14:06:10,-07:00,2025-10-31T14:06:10-07:00,1,49
projects\projects.js,57,js,a1b3d23e,Nitin,2025-10-31,14:06:10,-07:00,2025-10-31T14:06:10-07:00,1,21
projects\projects.js,58,js,a1b3d23e,Nitin,2025-10-31,14:06:10,-07:00,2025-10-31T14:06:10-07:00,0,0
projects\projects.js,59,js,a1b3d23e,Nitin,2025-10-31,14:06:10,-07:00,2025-10-31T14:06:10-07:00,1,41
projects\projects.js,60,js,a1b3d23e,Nitin,2025-10-31,14:06:10,-07:00,2025-10-31T14:06:10-07:00,2,17
projects\projects.js,61,js,a1b3d23e,Nitin,2025-10-31,14:06:10,-07:00,2025-10-31T14:06:10-07:00,2,18
projects\projects.js,62,js,a1b3d23e,Nitin,2025-10-31,14:06:10,-07:00,2025-10-31T14:06:10-07:00,2,58
projects\projects.js,63,js,a1b3d23e,Nitin,2025-10-31,14:06:10,-07:00,2025-10-31T14:06:10-07:00,2,44
projects\projects.js,64,js,a1b3d23e,Nitin,2025-10-31,14:06:10,-07:00,2025-10-31T14:06:10-07:00,0,0
projects\projects.js,65,js,a1b3d23e,Nitin,2025-10-31,14:06:10,-07:00,2025-10-31T14:06:10-07:00,1,26
projects\projects.js,66,js,a1b3d23e,Nitin,2025-10-31,14:06:10,-07:00,2025-10-31T14:06:10-07:00,0,0
projects\projects.js,67,js,5ee7ebac,Nitin,2025-10-31,14:25:42,-07:00,2025-10-31T14:25:42-07:00,1,21
projects\projects.js,68,js,a1b3d23e,Nitin,2025-10-31,14:06:10,-07:00,2025-10-31T14:06:10-07:00,0,0
projects\projects.js,69,js,a1b3d23e,Nitin,2025-10-31,14:06:10,-07:00,2025-10-31T14:06:10-07:00,1,19
projects\projects.js,70,js,a1b3d23e,Nitin,2025-10-31,14:06:10,-07:00,2025-10-31T14:06:10-07:00,2,9
projects\projects.js,71,js,a1b3d23e,Nitin,2025-10-31,14:06:10,-07:00,2025-10-31T14:06:10-07:00,2,11
projects\projects.js,72,js,a1b3d23e,Nitin,2025-10-31,14:06:10,-07:00,2025-10-31T14:06:10-07:00,2,22
projects\projects.js,73,js,a1b3d23e,Nitin,2025-10-31,14:06:10,-07:00,2025-10-31T14:06:10-07:00,2,32
projects\projects.js,74,js,a1b3d23e,Nitin,2025-10-31,14:06:10,-07:00,2025-10-31T14:06:10-07:00,2,22
projects\projects.js,75,js,a1b3d23e,Nitin,2025-10-31,14:06:10,-07:00,2025-10-31T14:06:10-07:00,2,24
projects\projects.js,76,js,a1b3d23e,Nitin,2025-10-31,14:06:10,-07:00,2025-10-31T14:06:10-07:00,2,31
projects\projects.js,77,js,a1b3d23e,Nitin,2025-10-31,14:06:10,-07:00,2025-10-31T14:06:10-07:00,2,25
projects\projects.js,78,js,a1b3d23e,Nitin,2025-10-31,14:06:10,-07:00,2025-10-31T14:06:10-07:00,2,32
projects\projects.js,79,js,a1b3d23e,Nitin,2025-10-31,14:06:10,-07:00,2025-10-31T14:06:10-07:00,3,28
projects\projects.js,80,js,5ee7ebac,Nitin,2025-10-31,14:25:42,-07:00,2025-10-31T14:25:42-07:00,3,51
projects\projects.js,81,js,a1b3d23e,Nitin,2025-10-31,14:06:10,-07:00,2025-10-31T14:06:10-07:00,0,0
projects\projects.js,82,js,a1b3d23e,Nitin,2025-10-31,14:06:10,-07:00,2025-10-31T14:06:10-07:00,3,19
projects\projects.js,83,js,a1b3d23e,Nitin,2025-10-31,14:06:10,-07:00,2025-10-31T14:06:10-07:00,4,50
projects\projects.js,84,js,a1b3d23e,Nitin,2025-10-31,14:06:10,-07:00,2025-10-31T14:06:10-07:00,0,0
projects\projects.js,85,js,a1b3d23e,Nitin,2025-10-31,14:06:10,-07:00,2025-10-31T14:06:10-07:00,3,24
projects\projects.js,86,js,a1b3d23e,Nitin,2025-10-31,14:06:10,-07:00,2025-10-31T14:06:10-07:00,4,50
projects\projects.js,87,js,a1b3d23e,Nitin,2025-10-31,14:06:10,-07:00,2025-10-31T14:06:10-07:00,0,0
projects\projects.js,88,js,a1b3d23e,Nitin,2025-10-31,14:06:10,-07:00,2025-10-31T14:06:10-07:00,3,15
projects\projects.js,89,js,a1b3d23e,Nitin,2025-10-31,14:06:10,-07:00,2025-10-31T14:06:10-07:00,2,1
projects\projects.js,90,js,d0944c72,Nitin,2025-10-31,00:32:06,-07:00,2025-10-31T00:32:06-07:00,0,0
projects\projects.js,91,js,432b6050,Nitin,2025-10-30,21:43:48,-07:00,2025-10-30T21:43:48-07:00,1,34
projects\projects.js,92,js,432b6050,Nitin,2025-10-30,21:43:48,-07:00,2025-10-30T21:43:48-07:00,1,14
projects\projects.js,93,js,a1b3d23e,Nitin,2025-10-31,14:06:10,-07:00,2025-10-31T14:06:10-07:00,1,20
projects\projects.js,94,js,a1b3d23e,Nitin,2025-10-31,14:06:10,-07:00,2025-10-31T14:06:10-07:00,2,9
projects\projects.js,95,js,a1b3d23e,Nitin,2025-10-31,14:06:10,-07:00,2025-10-31T14:06:10-07:00,2,9
projects\projects.js,96,js,a1b3d23e,Nitin,2025-10-31,14:06:10,-07:00,2025-10-31T14:06:10-07:00,2,15
projects\projects.js,97,js,5ee7ebac,Nitin,2025-10-31,14:25:42,-07:00,2025-10-31T14:25:42-07:00,3,35
projects\projects.js,98,js,5ee7ebac,Nitin,2025-10-31,14:25:42,-07:00,2025-10-31T14:25:42-07:00,4,19
projects\projects.js,99,js,5ee7ebac,Nitin,2025-10-31,14:25:42,-07:00,2025-10-31T14:25:42-07:00,4,8
projects\projects.js,100,js,5ee7ebac,Nitin,2025-10-31,14:25:42,-07:00,2025-10-31T14:25:42-07:00,4,9
projects\projects.js,101,js,5ee7ebac,Nitin,2025-10-31,14:25:42,-07:00,2025-10-31T14:25:42-07:00,4,18
projects\projects.js,102,js,5ee7ebac,Nitin,2025-10-31,14:25:42,-07:00,2025-10-31T14:25:42-07:00,4,26
projects\projects.js,103,js,432b6050,Nitin,2025-10-30,21:43:48,-07:00,2025-10-30T21:43:48-07:00,3,21
projects\projects.js,104,js,a1b3d23e,Nitin,2025-10-31,14:06:10,-07:00,2025-10-31T14:06:10-07:00,2,0
projects\projects.js,105,js,a1b3d23e,Nitin,2025-10-31,14:06:10,-07:00,2025-10-31T14:06:10-07:00,2,25
projects\projects.js,106,js,5ee7ebac,Nitin,2025-10-31,14:25:42,-07:00,2025-10-31T14:25:42-07:00,2,22
projects\projects.js,107,js,a1b3d23e,Nitin,2025-10-31,14:06:10,-07:00,2025-10-31T14:06:10-07:00,3,59
projects\projects.js,108,js,a1b3d23e,Nitin,2025-10-31,14:06:10,-07:00,2025-10-31T14:06:10-07:00,3,51
projects\projects.js,109,js,a1b3d23e,Nitin,2025-10-31,14:06:10,-07:00,2025-10-31T14:06:10-07:00,3,71
projects\projects.js,110,js,a1b3d23e,Nitin,2025-10-31,14:06:10,-07:00,2025-10-31T14:06:10-07:00,3,76
projects\projects.js,111,js,a1b3d23e,Nitin,2025-10-31,14:06:10,-07:00,2025-10-31T14:06:10-07:00,3,15
projects\projects.js,112,js,a1b3d23e,Nitin,2025-10-31,14:06:10,-07:00,2025-10-31T14:06:10-07:00,2,1
projects\projects.js,113,js,a1b3d23e,Nitin,2025-10-31,14:06:10,-07:00,2025-10-31T14:06:10-07:00,0,0
projects\projects.js,114,js,a1b3d23e,Nitin,2025-10-31,14:06:10,-07:00,2025-10-31T14:06:10-07:00,1,25
projects\projects.js,115,js,a1b3d23e,Nitin,2025-10-31,14:06:10,-07:00,2025-10-31T14:06:10-07:00,2,25
projects\projects.js,116,js,a1b3d23e,Nitin,2025-10-31,14:06:10,-07:00,2025-10-31T14:06:10-07:00,3,40
projects\projects.js,117,js,a1b3d23e,Nitin,2025-10-31,14:06:10,-07:00,2025-10-31T14:06:10-07:00,2,6
projects\projects.js,118,js,a1b3d23e,Nitin,2025-10-31,14:06:10,-07:00,2025-10-31T14:06:10-07:00,3,45
projects\projects.js,119,js,a1b3d23e,Nitin,2025-10-31,14:06:10,-07:00,2025-10-31T14:06:10-07:00,3,61
projects\projects.js,120,js,a1b3d23e,Nitin,2025-10-31,14:06:10,-07:00,2025-10-31T14:06:10-07:00,3,40
projects\projects.js,121,js,a1b3d23e,Nitin,2025-10-31,14:06:10,-07:00,2025-10-31T14:06:10-07:00,2,0
projects\projects.js,122,js,a1b3d23e,Nitin,2025-10-31,14:06:10,-07:00,2025-10-31T14:06:10-07:00,1,0
projects\projects.js,123,js,432b6050,Nitin,2025-10-30,21:43:48,-07:00,2025-10-30T21:43:48-07:00,0,0
projects\projects.js,124,js,432b6050,Nitin,2025-10-30,21:43:48,-07:00,2025-10-30T21:43:48-07:00,1,55
projects\projects.js,125,js,e61af56d,Nitin,2025-10-30,21:49:28,-07:00,2025-10-30T21:49:28-07:00,1,16
projects\projects.js,126,js,e61af56d,Nitin,2025-10-30,21:49:28,-07:00,2025-10-30T21:49:28-07:00,2,48
projects\projects.js,127,js,e61af56d,Nitin,2025-10-30,21:49:28,-07:00,2025-10-30T21:49:28-07:00,3,45
projects\projects.js,128,js,e61af56d,Nitin,2025-10-30,21:49:28,-07:00,2025-10-30T21:49:28-07:00,3,35
projects\projects.js,129,js,e61af56d,Nitin,2025-10-30,21:49:28,-07:00,2025-10-30T21:49:28-07:00,4,54
projects\projects.js,130,js,e61af56d,Nitin,2025-10-30,21:49:28,-07:00,2025-10-30T21:49:28-07:00,3,0
projects\projects.js,131,js,e61af56d,Nitin,2025-10-30,21:49:28,-07:00,2025-10-30T21:49:28-07:00,3,40
projects\projects.js,132,js,e61af56d,Nitin,2025-10-30,21:49:28,-07:00,2025-10-30T21:49:28-07:00,2,1
projects\projects.js,133,js,e61af56d,Nitin,2025-10-30,21:49:28,-07:00,2025-10-30T21:49:28-07:00,1,0
projects\projects.js,134,js,432b6050,Nitin,2025-10-30,21:43:48,-07:00,2025-10-30T21:43:48-07:00,0,0
projects\projects.js,135,js,432b6050,Nitin,2025-10-30,21:43:48,-07:00,2025-10-30T21:43:48-07:00,0,0
projects\projects.js,136,js,432b6050,Nitin,2025-10-30,21:43:48,-07:00,2025-10-30T21:43:48-07:00,0,13
projects\index.html,1,html,c2a8fa4e,Nitin,2025-10-03,22:07:00,-07:00,2025-10-03T22:07:00-07:00,0,13
projects\index.html,2,html,c2a8fa4e,Nitin,2025-10-03,22:07:00,-07:00,2025-10-03T22:07:00-07:00,0,14
projects\index.html,3,html,c2a8fa4e,Nitin,2025-10-03,22:07:00,-07:00,2025-10-03T22:07:00-07:00,0,4
projects\index.html,4,html,caa89ad8,Nitin,2025-10-25,16:40:09,-07:00,2025-10-25T16:40:09-07:00,1,20
projects\index.html,5,html,caa89ad8,Nitin,2025-10-25,16:40:09,-07:00,2025-10-25T16:40:09-07:00,1,68
projects\index.html,6,html,caa89ad8,Nitin,2025-10-25,16:40:09,-07:00,2025-10-25T16:40:09-07:00,1,21
projects\index.html,7,html,caa89ad8,Nitin,2025-10-25,16:40:09,-07:00,2025-10-25T16:40:09-07:00,1,41
projects\index.html,8,html,c2a8fa4e,Nitin,2025-10-03,22:07:00,-07:00,2025-10-03T22:07:00-07:00,0,5
projects\index.html,9,html,caa89ad8,Nitin,2025-10-25,16:40:09,-07:00,2025-10-25T16:40:09-07:00,0,0
projects\index.html,10,html,c2a8fa4e,Nitin,2025-10-03,22:07:00,-07:00,2025-10-03T22:07:00-07:00,0,4
projects\index.html,11,html,caa89ad8,Nitin,2025-10-25,16:40:09,-07:00,2025-10-25T16:40:09-07:00,1,38
projects\index.html,12,html,caa89ad8,Nitin,2025-10-25,16:40:09,-07:00,2025-10-25T16:40:09-07:00,0,0
projects\index.html,13,html,6c016033,Nitin,2025-10-30,22:01:51,-07:00,2025-10-30T22:01:51-07:00,1,21
projects\index.html,14,html,6c016033,Nitin,2025-10-30,22:01:51,-07:00,2025-10-30T22:01:51-07:00,2,71
projects\index.html,15,html,6c016033,Nitin,2025-10-30,22:01:51,-07:00,2025-10-30T22:01:51-07:00,2,0
projects\index.html,16,html,6c016033,Nitin,2025-10-30,22:01:51,-07:00,2025-10-30T22:01:51-07:00,2,27
projects\index.html,17,html,6c016033,Nitin,2025-10-30,22:01:51,-07:00,2025-10-30T22:01:51-07:00,3,23
projects\index.html,18,html,6c016033,Nitin,2025-10-30,22:01:51,-07:00,2025-10-30T22:01:51-07:00,3,56
projects\index.html,19,html,6c016033,Nitin,2025-10-30,22:01:51,-07:00,2025-10-30T22:01:51-07:00,3,22
projects\index.html,20,html,6c016033,Nitin,2025-10-30,22:01:51,-07:00,2025-10-30T22:01:51-07:00,2,4
projects\index.html,21,html,6c016033,Nitin,2025-10-30,22:01:51,-07:00,2025-10-30T22:01:51-07:00,1,4
projects\index.html,22,html,6c016033,Nitin,2025-10-30,22:01:51,-07:00,2025-10-30T22:01:51-07:00,0,0
projects\index.html,23,html,caa89ad8,Nitin,2025-10-25,16:40:09,-07:00,2025-10-25T16:40:09-07:00,1,26
projects\index.html,24,html,caa89ad8,Nitin,2025-10-25,16:40:09,-07:00,2025-10-25T16:40:09-07:00,0,0
projects\index.html,25,html,caa89ad8,Nitin,2025-10-25,16:40:09,-07:00,2025-10-25T16:40:09-07:00,1,47
projects\index.html,26,html,c2a8fa4e,Nitin,2025-10-03,22:07:00,-07:00,2025-10-03T22:07:00-07:00,0,5
projects\index.html,27,html,6c016033,Nitin,2025-10-30,22:01:51,-07:00,2025-10-30T22:01:51-07:00,0,0
projects\index.html,28,html,caa89ad8,Nitin,2025-10-25,16:40:09,-07:00,2025-10-25T16:40:09-07:00,0,5
meta\index.html,1,html,5516f400,Nitin,2025-11-08,13:19:05,-08:00,2025-11-08T13:19:05-08:00,0,13
meta\index.html,2,html,5516f400,Nitin,2025-11-08,13:19:05,-08:00,2025-11-08T13:19:05-08:00,0,14
meta\index.html,3,html,5516f400,Nitin,2025-11-08,13:19:05,-08:00,2025-11-08T13:19:05-08:00,0,4
meta\index.html,4,html,5516f400,Nitin,2025-11-08,13:19:05,-08:00,2025-11-08T13:19:05-08:00,1,22
meta\index.html,5,html,5516f400,Nitin,2025-11-08,13:19:05,-08:00,2025-11-08T13:19:05-08:00,1,70
meta\index.html,6,html,5516f400,Nitin,2025-11-08,13:19:05,-08:00,2025-11-08T13:19:05-08:00,1,17
meta\index.html,7,html,5516f400,Nitin,2025-11-08,13:19:05,-08:00,2025-11-08T13:19:05-08:00,1,43
meta\index.html,8,html,5516f400,Nitin,2025-11-08,13:19:05,-08:00,2025-11-08T13:19:05-08:00,1,48
meta\index.html,9,html,5516f400,Nitin,2025-11-08,13:19:05,-08:00,2025-11-08T13:19:05-08:00,0,5
meta\index.html,10,html,5516f400,Nitin,2025-11-08,13:19:05,-08:00,2025-11-08T13:19:05-08:00,0,0
meta\index.html,11,html,5516f400,Nitin,2025-11-08,13:19:05,-08:00,2025-11-08T13:19:05-08:00,0,4
meta\index.html,12,html,5516f400,Nitin,2025-11-08,13:19:05,-08:00,2025-11-08T13:19:05-08:00,1,3
meta\index.html,13,html,5516f400,Nitin,2025-11-08,13:19:05,-08:00,2025-11-08T13:19:05-08:00,2,20
meta\index.html,14,html,5516f400,Nitin,2025-11-08,13:19:05,-08:00,2025-11-08T13:19:05-08:00,2,33
meta\index.html,15,html,5516f400,Nitin,2025-11-08,13:19:05,-08:00,2025-11-08T13:19:05-08:00,2,21
meta\index.html,16,html,5516f400,Nitin,2025-11-08,13:19:05,-08:00,2025-11-08T13:19:05-08:00,2,31
meta\index.html,17,html,5516f400,Nitin,2025-11-08,13:19:05,-08:00,2025-11-08T13:19:05-08:00,2,41
meta\index.html,18,html,5516f400,Nitin,2025-11-08,13:19:05,-08:00,2025-11-08T13:19:05-08:00,2,65
meta\index.html,19,html,5516f400,Nitin,2025-11-08,13:19:05,-08:00,2025-11-08T13:19:05-08:00,1,4
meta\index.html,20,html,5516f400,Nitin,2025-11-08,13:19:05,-08:00,2025-11-08T13:19:05-08:00,0,0
meta\index.html,21,html,5516f400,Nitin,2025-11-08,13:19:05,-08:00,2025-11-08T13:19:05-08:00,1,4
meta\index.html,22,html,5516f400,Nitin,2025-11-08,13:19:05,-08:00,2025-11-08T13:19:05-08:00,2,11
meta\index.html,23,html,5516f400,Nitin,2025-11-08,13:19:05,-08:00,2025-11-08T13:19:05-08:00,2,61
meta\index.html,24,html,5516f400,Nitin,2025-11-08,13:19:05,-08:00,2025-11-08T13:19:05-08:00,1,5
meta\index.html,25,html,5516f400,Nitin,2025-11-08,13:19:05,-08:00,2025-11-08T13:19:05-08:00,0,5
meta\index.html,26,html,5516f400,Nitin,2025-11-08,13:19:05,-08:00,2025-11-08T13:19:05-08:00,0,5
cv\index.html,1,html,0aae75f4,Nitin,2025-10-03,22:39:49,-07:00,2025-10-03T22:39:49-07:00,0,13
cv\index.html,2,html,0aae75f4,Nitin,2025-10-03,22:39:49,-07:00,2025-10-03T22:39:49-07:00,0,14
cv\index.html,3,html,0aae75f4,Nitin,2025-10-03,22:39:49,-07:00,2025-10-03T22:39:49-07:00,0,4
cv\index.html,4,html,0aae75f4,Nitin,2025-10-03,22:39:49,-07:00,2025-10-03T22:39:49-07:00,1,20
cv\index.html,5,html,0aae75f4,Nitin,2025-10-03,22:39:49,-07:00,2025-10-03T22:39:49-07:00,1,68
cv\index.html,6,html,0aae75f4,Nitin,2025-10-03,22:39:49,-07:00,2025-10-03T22:39:49-07:00,1,19
cv\index.html,7,html,0aae75f4,Nitin,2025-10-03,22:39:49,-07:00,2025-10-03T22:39:49-07:00,1,41
cv\index.html,8,html,0aae75f4,Nitin,2025-10-03,22:39:49,-07:00,2025-10-03T22:39:49-07:00,0,5
cv\index.html,9,html,4f541763,Nitin,2025-10-10,18:08:26,-07:00,2025-10-10T18:08:26-07:00,0,15
cv\index.html,10,html,8380b884,Nitin,2025-10-10,18:21:55,-07:00,2025-10-10T18:21:55-07:00,1,24
cv\index.html,11,html,4f541763,Nitin,2025-10-10,18:08:26,-07:00,2025-10-10T18:08:26-07:00,2,13
cv\index.html,12,html,8380b884,Nitin,2025-10-10,18:21:55,-07:00,2025-10-10T18:21:55-07:00,0,0
cv\index.html,13,html,be3020a0,Nitin,2025-10-16,23:41:59,-07:00,2025-10-16T23:41:59-07:00,2,43
cv\index.html,14,html,4f541763,Nitin,2025-10-10,18:08:26,-07:00,2025-10-10T18:08:26-07:00,3,30
cv\index.html,15,html,4f541763,Nitin,2025-10-10,18:08:26,-07:00,2025-10-10T18:08:26-07:00,3,43
cv\index.html,16,html,4f541763,Nitin,2025-10-10,18:08:26,-07:00,2025-10-10T18:08:26-07:00,3,41
cv\index.html,17,html,4f541763,Nitin,2025-10-10,18:08:26,-07:00,2025-10-10T18:08:26-07:00,3,31
cv\index.html,18,html,4f541763,Nitin,2025-10-10,18:08:26,-07:00,2025-10-10T18:08:26-07:00,3,80
cv\index.html,19,html,be3020a0,Nitin,2025-10-16,23:41:59,-07:00,2025-10-16T23:41:59-07:00,2,7
cv\index.html,20,html,0aae75f4,Nitin,2025-10-03,22:39:49,-07:00,2025-10-03T22:39:49-07:00,0,0
cv\index.html,21,html,8380b884,Nitin,2025-10-10,18:21:55,-07:00,2025-10-10T18:21:55-07:00,2,23
cv\index.html,22,html,8380b884,Nitin,2025-10-10,18:21:55,-07:00,2025-10-10T18:21:55-07:00,3,27
cv\index.html,23,html,8380b884,Nitin,2025-10-10,18:21:55,-07:00,2025-10-10T18:21:55-07:00,3,33
cv\index.html,24,html,8380b884,Nitin,2025-10-10,18:21:55,-07:00,2025-10-10T18:21:55-07:00,3,50
cv\index.html,25,html,8380b884,Nitin,2025-10-10,18:21:55,-07:00,2025-10-10T18:21:55-07:00,3,45
cv\index.html,26,html,8380b884,Nitin,2025-10-10,18:21:55,-07:00,2025-10-10T18:21:55-07:00,2,8
cv\index.html,27,html,0aae75f4,Nitin,2025-10-03,22:39:49,-07:00,2025-10-03T22:39:49-07:00,0,0
cv\index.html,28,html,8380b884,Nitin,2025-10-10,18:21:55,-07:00,2025-10-10T18:21:55-07:00,2,23
cv\index.html,29,html,8380b884,Nitin,2025-10-10,18:21:55,-07:00,2025-10-10T18:21:55-07:00,3,16
cv\index.html,30,html,8380b884,Nitin,2025-10-10,18:21:55,-07:00,2025-10-10T18:21:55-07:00,3,7
cv\index.html,31,html,8380b884,Nitin,2025-10-10,18:21:55,-07:00,2025-10-10T18:21:55-07:00,4,40
cv\index.html,32,html,8380b884,Nitin,2025-10-10,18:21:55,-07:00,2025-10-10T18:21:55-07:00,4,26
cv\index.html,33,html,8380b884,Nitin,2025-10-10,18:21:55,-07:00,2025-10-10T18:21:55-07:00,4,88
cv\index.html,34,html,8380b884,Nitin,2025-10-10,18:21:55,-07:00,2025-10-10T18:21:55-07:00,3,8
cv\index.html,35,html,8380b884,Nitin,2025-10-10,18:21:55,-07:00,2025-10-10T18:21:55-07:00,3,7
cv\index.html,36,html,8380b884,Nitin,2025-10-10,18:21:55,-07:00,2025-10-10T18:21:55-07:00,4,52
cv\index.html,37,html,8380b884,Nitin,2025-10-10,18:21:55,-07:00,2025-10-10T18:21:55-07:00,4,29
cv\index.html,38,html,8380b884,Nitin,2025-10-10,18:21:55,-07:00,2025-10-10T18:21:55-07:00,4,88
cv\index.html,39,html,8380b884,Nitin,2025-10-10,18:21:55,-07:00,2025-10-10T18:21:55-07:00,3,8
cv\index.html,40,html,4f541763,Nitin,2025-10-10,18:08:26,-07:00,2025-10-10T18:08:26-07:00,2,8
cv\index.html,41,html,0aae75f4,Nitin,2025-10-03,22:39:49,-07:00,2025-10-03T22:39:49-07:00,0,0
cv\index.html,42,html,8380b884,Nitin,2025-10-10,18:21:55,-07:00,2025-10-10T18:21:55-07:00,2,23
cv\index.html,43,html,8380b884,Nitin,2025-10-10,18:21:55,-07:00,2025-10-10T18:21:55-07:00,3,22
cv\index.html,44,html,8380b884,Nitin,2025-10-10,18:21:55,-07:00,2025-10-10T18:21:55-07:00,3,7
cv\index.html,45,html,8380b884,Nitin,2025-10-10,18:21:55,-07:00,2025-10-10T18:21:55-07:00,4,46
cv\index.html,46,html,8380b884,Nitin,2025-10-10,18:21:55,-07:00,2025-10-10T18:21:55-07:00,4,55
cv\index.html,47,html,8380b884,Nitin,2025-10-10,18:21:55,-07:00,2025-10-10T18:21:55-07:00,4,2
cv\index.html,48,html,8380b884,Nitin,2025-10-10,18:21:55,-07:00,2025-10-10T18:21:55-07:00,5,78
cv\index.html,49,html,8380b884,Nitin,2025-10-10,18:21:55,-07:00,2025-10-10T18:21:55-07:00,5,68
cv\index.html,50,html,8380b884,Nitin,2025-10-10,18:21:55,-07:00,2025-10-10T18:21:55-07:00,5,63
cv\index.html,51,html,4f541763,Nitin,2025-10-10,18:08:26,-07:00,2025-10-10T18:08:26-07:00,4,3
cv\index.html,52,html,8380b884,Nitin,2025-10-10,18:21:55,-07:00,2025-10-10T18:21:55-07:00,3,8
cv\index.html,53,html,8380b884,Nitin,2025-10-10,18:21:55,-07:00,2025-10-10T18:21:55-07:00,2,8
cv\index.html,54,html,0aae75f4,Nitin,2025-10-03,22:39:49,-07:00,2025-10-03T22:39:49-07:00,0,0
cv\index.html,55,html,8380b884,Nitin,2025-10-10,18:21:55,-07:00,2025-10-10T18:21:55-07:00,2,23
cv\index.html,56,html,8380b884,Nitin,2025-10-10,18:21:55,-07:00,2025-10-10T18:21:55-07:00,3,21
cv\index.html,57,html,8380b884,Nitin,2025-10-10,18:21:55,-07:00,2025-10-10T18:21:55-07:00,3,2
cv\index.html,58,html,8380b884,Nitin,2025-10-10,18:21:55,-07:00,2025-10-10T18:21:55-07:00,4,20
cv\index.html,59,html,8380b884,Nitin,2025-10-10,18:21:55,-07:00,2025-10-10T18:21:55-07:00,4,26
cv\index.html,60,html,8380b884,Nitin,2025-10-10,18:21:55,-07:00,2025-10-10T18:21:55-07:00,4,38
cv\index.html,61,html,8380b884,Nitin,2025-10-10,18:21:55,-07:00,2025-10-10T18:21:55-07:00,3,3
cv\index.html,62,html,8380b884,Nitin,2025-10-10,18:21:55,-07:00,2025-10-10T18:21:55-07:00,2,8
cv\index.html,63,html,8380b884,Nitin,2025-10-10,18:21:55,-07:00,2025-10-10T18:21:55-07:00,0,0
cv\index.html,64,html,8380b884,Nitin,2025-10-10,18:21:55,-07:00,2025-10-10T18:21:55-07:00,2,23
cv\index.html,65,html,8380b884,Nitin,2025-10-10,18:21:55,-07:00,2025-10-10T18:21:55-07:00,3,23
cv\index.html,66,html,8380b884,Nitin,2025-10-10,18:21:55,-07:00,2025-10-10T18:21:55-07:00,3,2
cv\index.html,67,html,8380b884,Nitin,2025-10-10,18:21:55,-07:00,2025-10-10T18:21:55-07:00,4,37
cv\index.html,68,html,8380b884,Nitin,2025-10-10,18:21:55,-07:00,2025-10-10T18:21:55-07:00,4,33
cv\index.html,69,html,8380b884,Nitin,2025-10-10,18:21:55,-07:00,2025-10-10T18:21:55-07:00,4,34
cv\index.html,70,html,8380b884,Nitin,2025-10-10,18:21:55,-07:00,2025-10-10T18:21:55-07:00,3,3
cv\index.html,71,html,8380b884,Nitin,2025-10-10,18:21:55,-07:00,2025-10-10T18:21:55-07:00,2,8
cv\index.html,72,html,8380b884,Nitin,2025-10-10,18:21:55,-07:00,2025-10-10T18:21:55-07:00,1,4
cv\index.html,73,html,5d3f5b53,Nitin,2025-10-17,00:49:39,-07:00,2025-10-17T00:49:39-07:00,1,48
cv\index.html,74,html,0aae75f4,Nitin,2025-10-03,22:39:49,-07:00,2025-10-03T22:39:49-07:00,0,5
cv\index.html,75,html,0aae75f4,Nitin,2025-10-03,22:39:49,-07:00,2025-10-03T22:39:49-07:00,0,5
contact\index.html,1,html,c2a8fa4e,Nitin,2025-10-03,22:07:00,-07:00,2025-10-03T22:07:00-07:00,0,13
contact\index.html,2,html,c2a8fa4e,Nitin,2025-10-03,22:07:00,-07:00,2025-10-03T22:07:00-07:00,0,14
contact\index.html,3,html,c2a8fa4e,Nitin,2025-10-03,22:07:00,-07:00,2025-10-03T22:07:00-07:00,0,4
contact\index.html,4,html,c2a8fa4e,Nitin,2025-10-03,22:07:00,-07:00,2025-10-03T22:07:00-07:00,2,20
contact\index.html,5,html,c2a8fa4e,Nitin,2025-10-03,22:07:00,-07:00,2025-10-03T22:07:00-07:00,2,68
contact\index.html,6,html,c2a8fa4e,Nitin,2025-10-03,22:07:00,-07:00,2025-10-03T22:07:00-07:00,2,20
contact\index.html,7,html,989d9e58,Nitin,2025-10-03,22:29:00,-07:00,2025-10-03T22:29:00-07:00,2,41
contact\index.html,8,html,04a5534d,Nitin,2025-10-16,23:16:12,-07:00,2025-10-16T23:16:12-07:00,2,48
contact\index.html,9,html,c2a8fa4e,Nitin,2025-10-03,22:07:00,-07:00,2025-10-03T22:07:00-07:00,0,5
contact\index.html,10,html,c2a8fa4e,Nitin,2025-10-03,22:07:00,-07:00,2025-10-03T22:07:00-07:00,0,4
contact\index.html,11,html,03d28acc,Nitin,2025-10-03,23:02:09,-07:00,2025-10-03T23:02:09-07:00,2,14
contact\index.html,12,html,be3020a0,Nitin,2025-10-16,23:41:59,-07:00,2025-10-16T23:41:59-07:00,2,28
contact\index.html,13,html,f40abd2c,Nitin,2025-10-03,22:18:57,-07:00,2025-10-03T22:18:57-07:00,4,30
contact\index.html,14,html,f2b360c2,Nitin,2025-10-03,22:23:06,-07:00,2025-10-03T22:23:06-07:00,4,43
contact\index.html,15,html,f40abd2c,Nitin,2025-10-03,22:18:57,-07:00,2025-10-03T22:18:57-07:00,4,41
contact\index.html,16,html,0aae75f4,Nitin,2025-10-03,22:39:49,-07:00,2025-10-03T22:39:49-07:00,4,31
contact\index.html,17,html,c2a8fa4e,Nitin,2025-10-03,22:07:00,-07:00,2025-10-03T22:07:00-07:00,4,65
contact\index.html,18,html,be3020a0,Nitin,2025-10-16,23:41:59,-07:00,2025-10-16T23:41:59-07:00,2,7
contact\index.html,19,html,989d9e58,Nitin,2025-10-03,22:29:00,-07:00,2025-10-03T22:29:00-07:00,0,0
contact\index.html,20,html,989d9e58,Nitin,2025-10-03,22:29:00,-07:00,2025-10-03T22:29:00-07:00,1,77
contact\index.html,21,html,989d9e58,Nitin,2025-10-03,22:29:00,-07:00,2025-10-03T22:29:00-07:00,2,5
contact\index.html,22,html,989d9e58,Nitin,2025-10-03,22:29:00,-07:00,2025-10-03T22:29:00-07:00,3,9
contact\index.html,23,html,989d9e58,Nitin,2025-10-03,22:29:00,-07:00,2025-10-03T22:29:00-07:00,3,40
contact\index.html,24,html,989d9e58,Nitin,2025-10-03,22:29:00,-07:00,2025-10-03T22:29:00-07:00,2,6
contact\index.html,25,html,989d9e58,Nitin,2025-10-03,22:29:00,-07:00,2025-10-03T22:29:00-07:00,2,6
contact\index.html,26,html,989d9e58,Nitin,2025-10-03,22:29:00,-07:00,2025-10-03T22:29:00-07:00,0,0
contact\index.html,27,html,989d9e58,Nitin,2025-10-03,22:29:00,-07:00,2025-10-03T22:29:00-07:00,2,5
contact\index.html,28,html,989d9e58,Nitin,2025-10-03,22:29:00,-07:00,2025-10-03T22:29:00-07:00,3,6
contact\index.html,29,html,989d9e58,Nitin,2025-10-03,22:29:00,-07:00,2025-10-03T22:29:00-07:00,3,29
contact\index.html,30,html,989d9e58,Nitin,2025-10-03,22:29:00,-07:00,2025-10-03T22:29:00-07:00,2,6
contact\index.html,31,html,989d9e58,Nitin,2025-10-03,22:29:00,-07:00,2025-10-03T22:29:00-07:00,2,6
contact\index.html,32,html,989d9e58,Nitin,2025-10-03,22:29:00,-07:00,2025-10-03T22:29:00-07:00,0,0
contact\index.html,33,html,989d9e58,Nitin,2025-10-03,22:29:00,-07:00,2025-10-03T22:29:00-07:00,2,5
contact\index.html,34,html,e37aafae,Nitin,2025-10-03,22:43:27,-07:00,2025-10-03T22:43:27-07:00,3,3
contact\index.html,35,html,989d9e58,Nitin,2025-10-03,22:29:00,-07:00,2025-10-03T22:29:00-07:00,3,59
contact\index.html,36,html,989d9e58,Nitin,2025-10-03,22:29:00,-07:00,2025-10-03T22:29:00-07:00,2,6
contact\index.html,37,html,989d9e58,Nitin,2025-10-03,22:29:00,-07:00,2025-10-03T22:29:00-07:00,2,6
contact\index.html,38,html,989d9e58,Nitin,2025-10-03,22:29:00,-07:00,2025-10-03T22:29:00-07:00,0,0
contact\index.html,39,html,989d9e58,Nitin,2025-10-03,22:29:00,-07:00,2025-10-03T22:29:00-07:00,2,19
contact\index.html,40,html,989d9e58,Nitin,2025-10-03,22:29:00,-07:00,2025-10-03T22:29:00-07:00,1,5
contact\index.html,41,html,989d9e58,Nitin,2025-10-03,22:29:00,-07:00,2025-10-03T22:29:00-07:00,0,0
contact\index.html,42,html,c2a8fa4e,Nitin,2025-10-03,22:07:00,-07:00,2025-10-03T22:07:00-07:00,0,5
contact\index.html,43,html,c2a8fa4e,Nitin,2025-10-03,22:07:00,-07:00,2025-10-03T22:07:00-07:00,0,5
